﻿{
  "How do you replace coolant thermostat": [
    "https://www.howacarworks.com/cooling-systems/how-to-replace-a-car-thermostat",
    "https://shop.advanceautoparts.com/r/car-projects/how-to-replace-a-vehicle-thermostat",
    "https://www.dummies.com/home-garden/car-repair/heating-cooling-system/how-to-replace-your-vehicles-thermostat/",
    "https://axleaddict.com/auto-repair/How-to-Replace-a-Thermostat",
    "https://www.readersdigest.ca/cars/maintenance/replace-thermostat-instructions/",
    "https://www.familyhandyman.com/automotive/car-care-how-to-replace-a-thermostat/",
    "http://knowhow.napaonline.com/tips-on-how-to-change-a-car-thermostat/",
    "https://www.2carpros.com/articles/replace-thermostat",
    "https://www.cars.com/articles/should-i-change-the-thermostat-1420682599501/",
    "https://www.yourmechanic.com/services/thermostat-replacement"
  ],
  "How is library science vand information science related": [
    "https://en.wikipedia.org/wiki/Library_and_information_science",
    "https://en.wikipedia.org/wiki/Library_science",
    "https://ischool.uw.edu/programs/mlis/what-is-library-science",
    "https://sis.utk.edu/whatcando",
    "https://bigfuture.collegeboard.org/majors/library-science-library-information-science",
    "https://ischool.syr.edu/infospace/2011/09/14/job-opportunities-for-library-and-information-science-students/",
    "https://www.kent.edu/iSchool/what-library-information-science",
    "https://www.bestmastersdegrees.com/best-masters-degrees-faq/what-is-library-science",
    "https://www.isko.org/cyclo/lis",
    "http://www.academicinfo.net/infosci.html"
  ],
  "Which phase is the non dividing stage": [
    "http://www.biology.arizona.edu/cell_bio/tutorials/cell_cycle/cells2.html",
    "https://socratic.org/questions/which-phase-of-the-cell-cycle-is-characterized-by-a-non-dividing-cell",
    "http://oregonstate.edu/instruction/bi314/summer09/cycleone.html",
    "http://www.nature.com/scitable/topicpage/mitosis-and-cell-division-205",
    "https://www.khanacademy.org/science/high-school-biology/hs-reproduction-and-cell-division/hs-the-cell-cycle-and-mitosis/a/hs-the-cell-cycle-and-mitosis-review",
    "https://www.khanacademy.org/science/biology/cellular-molecular-biology/mitosis/a/cell-cycle-phases",
    "https://en.wikipedia.org/wiki/Interphase",
    "https://en.wikipedia.org/wiki/Cell_cycle",
    "https://en.wikibooks.org/wiki/An_Introduction_to_Molecular_Biology/Cell_Cycle",
    "https://www.siyavula.com/read/science/grade-10-lifesciences/cell-division/03-cell-division-02"
  ],
  "How much has michael vick worth after release from prison": [
    "https://www.forbes.com/sites/kurtbadenhausen/2011/08/30/is-michael-vick-worth-100-million/",
    "https://en.wikipedia.org/wiki/Michael_Vick",
    "https://www.sportskeeda.com/nfl/michael-vick-net-worth-and-salary",
    "https://www.businessinsider.com/michael-vicks-40-million-creditors-2011-8",
    "https://www.cnn.com/2013/06/24/us/michael-vick-fast-facts/index.html",
    "https://www.espn.com/nfl/news/story?id=6058831",
    "https://www.espn.com/nfl/story/_/id/6907779/philadelphia-eagles-michael-vick-agree-six-year-contract",
    "https://www.celebritynetworth.com/richest-athletes/nfl/michael-vick-net-worth/",
    "https://www.npr.org/sections/thetwo-way/2011/08/30/140060853/-100-million-six-year-deal-for-michael-vick",
    "https://www.dailypress.com/dailypress/dp-spt-michael-vick-full-timeline-htmlstory.html"
  ],
  "How can you get rid of dog fleas": [
    "https://www.petbasics.com/dog-education/how-to-get-rid-of-fleas-on-dogs/",
    "https://www.akc.org/expert-advice/health/how-to-get-rid-of-fleas/",
    "https://pets.webmd.com/remove-fleas-from-pet",
    "https://www.dogsnaturallymagazine.com/how-to-get-rid-of-fleas-naturally/",
    "https://www.petmd.com/dog/care/evr_dg_fleas_on_dogs_and_what_you_can_do_about_them",
    "https://www.littlethings.com/how-to-get-rid-of-fleas-on-dogs/",
    "https://www.jcehrlich.com/fleas/top-8-flea-home-remedies/",
    "https://www.thedodo.com/close-to-home/get-rid-of-fleas-on-dogs",
    "https://jetpetresort.com/blog/dog-care/30-ways-to-naturally-prevent-and-get-rid-of-fleas-on-dogs/",
    "https://www.youtube.com/watch?v=SoJmoIk8aLk"
  ],
  "This is the third largest oceans": [
    "https://www.quora.com/What-is-the-3rd-largest-ocean",
    "https://www.thetravelalmanac.com/lists/oceans.htm",
    "https://www.livescience.com/29533-the-worlds-biggest-oceans-and-seas.html",
    "https://www.wavecity.in/blog/world-ocean-day-5-largest-oceans-in-the-world",
    "https://oceanservice.noaa.gov/facts/biggestocean.html",
    "https://www.worldatlas.com/articles/the-oceans-of-the-world-by-size.html",
    "https://www.ducksters.com/geography/oceans.php",
    "https://www.mapsofworld.com/world-top-ten/world-top-ten-largest-oceans-and-sea-map.html",
    "https://www.gdrc.org/oceans/world-oceans.html",
    "https://earthhow.com/5-oceans/"
  ],
  "What is kristen steawerts brothers name": [
    "https://en.wikipedia.org/wiki/Kristen_Stewart",
    "https://starschanges.com/kristen-stewart/",
    "https://celebforest.com/kristen-stewart-parents-brothers-girl-boyfriends-names-pictures-family-tree-ethnicity/",
    "https://www.bustle.com/articles/66146-does-kristen-stewart-have-any-siblings-shes-grew-up-with-a-band-of-brothers",
    "https://www.imdb.com/name/nm0829576/bio",
    "https://twilightsaga.fandom.com/wiki/Kristen_Stewart",
    "https://gossipgist.com/kristen-stewart",
    "https://www.answers.com/Q/Who_is_Kristen_Stewart%27s_brothers_and_sisters",
    "https://www.pinterest.com/pin/249175791861272658/",
    "https://www.boomsbeat.com/articles/404/20140218/50-things-you-probably-didn-t-know-about-kristen-stewart.htm"
  ],
  "What type of relief is the coastal plains": [
    "https://link.springer.com/10.1007%2F3-540-31060-6_56",
    "https://www.nationalgeographic.org/encyclopedia/coastal-plain/",
    "https://en.wikipedia.org/wiki/Coastal_plain",
    "https://en.wikipedia.org/wiki/Atlantic_coastal_plain",
    "http://geology.teacherfriendlyguide.org/index.php/topography/region-3-coastal-plain",
    "https://www.georgiaencyclopedia.org/articles/geography-environment/lower-coastal-plain-and-coastal-islands",
    "https://www.fs.fed.us/land/pubs/ecoregions/ch21.html",
    "https://www.britannica.com/place/Atlantic-Coastal-Plain",
    "https://www.sciencedirect.com/topics/agricultural-and-biological-sciences/coastal-plains",
    "http://geology.blogs.wm.edu/coastal-plain/"
  ],
  "What do the word anteroposterior means": [
    "https://www.merriam-webster.com/medical/anteroposterior",
    "https://www.dictionary.com/browse/anteroposterior",
    "https://www.yourdictionary.com/anteroposterior",
    "https://www.medicinenet.com/script/main/art.asp?articlekey=9209",
    "https://medical-dictionary.thefreedictionary.com/anteroposterior",
    "https://medical-dictionary.thefreedictionary.com/anteroposterior+position",
    "https://www.definitions.net/definition/AnteroPosterior",
    "https://findwords.info/term/anteroposterior",
    "https://www.lexico.com/en/definition/anteroposterior",
    "https://en.wiktionary.org/wiki/anteroposterior"
  ],
  "Does selena gomez have verizon wireless for her cell phone": [
    "https://www.selenagomez.com/community/topic/www.twitter.com/HashmiZaidmain-contentclose-off-canvasmailing-listmailing-listoff-canvasoff-canvasmailing-listoff-canvasmain-contentclose-off-canvasmailing-listoff-canvasmailing-listmain-content?page=6",
    "https://www.selenagomez.com/community/topic/www.twitter.com/HashmiZaidmain-contentoff-canvasoff-canvasoff-canvasoff-canvasclose-off-canvasoff-canvasoff-canvasoff-canvas?page=2",
    "https://www.yellowpages.com/mobile-al/selena-gomez-cell-phone?page=2",
    "http://vzonwireless.blogspot.com/2013/11/verizon-communications-inc-verizon_19.html",
    "https://books.google.com/books?id=EgHgDgiLzqMC&pg=RA10-PA12&lpg=RA10-PA12&dq=Does+selena+gomez+have+verizon+wireless+for+her+cell+phone&source=bl&ots=KKX6fQwXYm&sig=ACfU3U2HTuXe4yCp-p4VQiCcCJWLqurczw&hl=en&sa=X&ved=2ahUKEwiD256uvuDlAhXMy4sBHcAJBCgQ6AEwB3oECBcQAQ",
    "https://perezhilton.com/selena-gomez-verizon-destination-store-opening/",
    "https://www.techlivewire.com/verizon-wireless-opens-mega-store-at-mall-of-america/",
    "http://mspmag.com/shop-and-style/ali-shops/verizon-debuts-concept-store-at-moa/",
    "https://www.pinterest.com/poohbearmason/my-verizon-wish-list/",
    "https://www.minneapolis.org/media/news-releases/selena-gomez-lift-curtain-verizon-destination-store-mall-america/"
  ],
  "What is winston churchills big achievements": [
    "https://www.history.com/topics/british-history/winston-churchill",
    "https://winstonchurchill.org/resources/reference/churchills-chart-achievements/",
    "https://learnodo-newtonic.com/winston-churchill-accomplishments",
    "http://churchillfair.50webs.com/accomplishments.html",
    "https://www.bbc.co.uk/newsround/31043477",
    "https://www.quora.com/What-were-Winston-Churchills-most-notable-accomplishments",
    "https://schoolhistory.co.uk/notes/winston-churchill/",
    "https://www.britannica.com/biography/Winston-Churchill",
    "https://www.thefamouspeople.com/profiles/winston-churchill-97.php",
    "https://thequestion.ru/questions/245853/what-was-the-greatest-achievement-of-winston-churchill"
  ],
  "What is the value of a 1988 barbie collectible": [
    "http://www.barbiethedoll.com/holiday-barbie-doll-values-past-present/",
    "https://www.ebay.com/b/1988-Barbie-Happy-Holidays-Dolls/160829/bn_95103330",
    "https://www.amazon.com/1988-HAPPY-HOLIDAYS-BARBIE-COLLECTIBLE/dp/B000KJ96A6",
    "https://www.goodhousekeeping.com/life/money/g3844/most-expensive-barbies-ever/",
    "https://247wallst.com/special-report/2018/03/07/50-most-valuable-barbie-dolls/2/",
    "https://www.reference.com/hobbies-games/values-holiday-barbie-dolls-2252057f325e82a8",
    "http://www.fashion-doll-guide.com/1988-Happy-Holiday-Barbie.html",
    "http://www.fashion-doll-guide.com/Holiday-Barbie-Dolls.html",
    "http://happyholidaybarbies.blogspot.com/p/blog-page_8.html",
    "https://www.invaluable.com/blog/vintage-barbie-dolls/"
  ],
  "Who does sleaner gomez love": [
    "https://en.wikipedia.org/wiki/Selena_Gomez",
    "https://www.vulture.com/2019/10/selena-gomez-new-song-justin-bieber.html",
    "https://people.com/music/selena-gomez-searching-for-love-super-super-single-for-2-years/",
    "https://graziadaily.co.uk/celebrity/news/selena-gomez-facts-wiki-bio/",
    "https://www.buzzfeed.com/shylawatson/selena-gomez-love-life-post-justin",
    "https://www.vanityfair.com/style/2019/10/selena-gomez-new-music-justin-bieber",
    "https://www.seventeen.com/celebrity/celebrity-couples/a27033836/selena-gomez-dating/",
    "https://slate.com/culture/2019/11/selena-gomez-lose-you-to-love-me-number-1-billboard-hot-100.html",
    "https://www.cosmopolitan.com/entertainment/celebs/a29713750/justin-bieber-solo-road-trip-selena-gomez-lose-you-to-love-me/",
    "https://www.nbcnews.com/news/latino/selena-gomez-lets-world-rough-romance-lose-you-love-me-n1070456"
  ],
  "How many books selling online": [
    "https://www.junglescout.com/blog/how-to-sell-books-on-amazon/",
    "https://www.nichepursuits.com/how-i-bought-and-sold-books-online-as-my-first-internet-venture/",
    "https://medium.com/the-ascent/after-6-months-of-selling-books-on-amazon-this-is-how-much-i-made-d3c0b078f104",
    "https://www.thebalancesmb.com/make-money-selling-ebooks-online-4122181",
    "https://bookriot.com/2017/10/31/sell-used-books/",
    "https://nonfictionauthorsassociation.com/how-many-books-can-you-expect-to-sell-the-truth-about-book-sales-and-the-keys-to-generating-income-from-publishing/",
    "http://www.ala.org/united/sites/ala.org.united/files/content/friendszone/toolkits/selling-books-online.pdf",
    "https://www.thepennyhoarder.com/make-money/side-gigs/how-to-make-750-a-month-selling-used-books/",
    "https://electricliterature.com/everything-you-wanted-to-know-about-book-sales-but-were-afraid-to-ask/",
    "https://writingcooperative.com/how-i-sold-7000-kindle-books-cda368f287dd"
  ],
  "How much anderson shelters cost in ww2": [
    "https://en.wikipedia.org/wiki/Air_raid_shelter",
    "http://www.primaryhomeworkhelp.co.uk/war/shelters.htm",
    "https://mashable.com/2015/07/24/wwii-backyard-bunkers/",
    "https://www.theguardian.com/world/2018/aug/21/how-britains-abandoned-anderson-shelters-are-being-brought-back-to-life",
    "https://kidskonnect.com/history/anderson-shelter/",
    "https://spartacus-educational.com/2WWandersonshelter.htm",
    "https://www.rafmuseum.org.uk/research/online-exhibitions/history-of-the-battle-of-britain/air-raid-shelter-protection.aspx",
    "https://www.bbc.co.uk/history/ww2peopleswar/stories/29/a1125929.shtml",
    "https://www.thehistorypress.co.uk/articles/shelter-at-home-in-the-second-world-war/",
    "https://historykids.net/history/anderson-shelter-facts-and-information/"
  ],
  "What is an exzmple of soliloquy": [
    "http://softschools.com/examples/literary_terms/soliloquy_examples/236/",
    "https://literarydevices.net/soliloquy/",
    "http://www.literarydevices.com/soliloquy/",
    "https://literaryterms.net/soliloquy/",
    "https://writingexplained.org/grammar-dictionary/soliloquy",
    "https://www.thoughtco.com/soliloquy-literary-definition-4169546",
    "https://www.litcharts.com/literary-devices-and-terms/soliloquy",
    "https://study.com/academy/lesson/soliloquy-definition-examples.html",
    "https://www.k12reader.com/term/soliloquy/",
    "https://www.yourdictionary.com/soliloquy"
  ],
  "Who invented first electirc stove and when": [
    "https://nationalmaglab.org/education/magnet-academy/history-of-electricity-magnetism/museum/electric-range",
    "https://en.wikipedia.org/wiki/Electric_stove",
    "https://en.wikipedia.org/wiki/Kitchen_stove",
    "https://www.cbsnews.com/news/almanac-the-first-electric-stove/",
    "https://www.thoughtco.com/history-of-the-oven-from-cast-iron-to-electric-1992212",
    "https://www.smithsonianmag.com/arts-culture/cooking-through-the-ages-a-timeline-of-oven-inventions-380050/",
    "http://theinventors.org/library/inventors/blstoves.htm",
    "https://www.canstarblue.co.nz/appliances/ovens/a-brief-history-of-ovens/",
    "http://electricstovehenkire.blogspot.com/2017/02/who-invented-electric-stove.html",
    "https://www.youtube.com/watch?v=ZCYGarXcFt0"
  ],
  "What kind of cells make electricity from light": [
    "https://www.livescience.com/41995-how-do-solar-panels-work.html",
    "https://serc.carleton.edu/integrate/teaching_materials/energy_sustain/student_materials/creating_electr.html",
    "https://www.cnet.com/news/appliance-science-how-solar-panels-convert-light-into-electricity/",
    "https://en.wikipedia.org/wiki/Solar_cell",
    "https://www.science.org.au/curious/technology-future/solar-pv",
    "https://www.scientificamerican.com/article/how-does-solar-power-work/",
    "https://aroundtheworld.solarimpulse.com/img/pdf/CELLS.pdf",
    "https://science.nasa.gov/science-news/science-at-nasa/2002/solarcells",
    "https://www.explainthatstuff.com/solarcells.html",
    "https://cosmosmagazine.com/technology/how-solar-cells-turn-sunlight-into-electricity"
  ],
  "Advantages and disadvantages of a bank": [
    "https://efinancemanagement.com/financial-management/advantages-and-disadvantages-of-banks",
    "https://www.gobankingrates.com/banking/banks/advantages-disadvantages-banks/",
    "https://www.quora.com/What-are-the-advantages-and-disadvantages-of-the-banking-system",
    "https://www.valuepenguin.com/banking/advantages-of-online-banking",
    "https://smallbusiness.chron.com/advantages-disadvantages-commercial-banking-businesses-23344.html",
    "https://finance.zacks.com/advantages-disadvantages-savings-checking-accounts-3843.html",
    "https://finance.zacks.com/advantages-disadvantages-investing-bank-account-4394.html",
    "https://www.nibusinessinfo.co.uk/content/advantages-and-disadvantages-bank-loans",
    "https://prezi.com/-m8oayfrmrji/advantages-and-disadvantages-of-banks/",
    "https://pocketsense.com/disadvantages-traditional-banking-9900.html"
  ],
  "What is the difference between an electrician and an electrical engineer": [
    "http://www.poweredelectrician.com/electrician-vs-electrical-engineer-comparison-of-two-future-careers/",
    "https://study.com/articles/electrical_engineer_vs_electrician.html",
    "https://www.quora.com/What-is-the-difference-between-an-electrician-and-an-electrical-engineer",
    "https://careertrend.com/difference-between-electrician-electrical-engineer-12215.html",
    "https://www.careerigniter.com/questions/what-is-the-difference-between-an-electrical-engineer-and-an-electrician/",
    "http://www.poweredelectrician.com/electrical-technician-vs-electrician-career-salary-and-other-comparisons/",
    "https://www.electricianschooledu.org/electrical-engineering-vs-electrical-technology/",
    "https://singletrackworld.com/forum/topic/difference-between-an-electrician-and-an-electrical-engineer/",
    "https://www.reddit.com/r/explainlikeimfive/comments/27htc4/eli5_what_is_the_difference_between_an/",
    "http://entrance-exam.net/difference-between-electrician-and-electrical-engineer/"
  ],
  "What is the sequence to obtain a DNA fingerprint": [
    "https://www.sciencedirect.com/topics/immunology-and-microbiology/dna-fingerprinting",
    "https://www.yourgenome.org/facts/what-is-a-dna-fingerprint",
    "https://www.britannica.com/science/DNA-fingerprinting",
    "https://www2.le.ac.uk/offices/press/for-journalists/code-of-a-killer-1/a-beginners-guide-to-dna-fingerprinting",
    "https://dnadots.minipcr.com/dnadots/dna-fingerprinting",
    "https://www.thebalance.com/what-is-dna-fingerprinting-and-how-is-it-used-375554",
    "http://www.nature.com/scitable/topicpage/forensics-dna-fingerprinting-and-codis-736",
    "https://www.webmd.com/a-to-z-guides/dna-fingerprinting-overview",
    "https://www.encyclopedia.com/science-and-technology/biology-and-genetics/genetics-and-genetic-engineering/dna-fingerprinting",
    "https://www.pbs.org/wgbh/nova/body/create-dna-fingerprint.html"
  ],
  "Where is nadia comasneci 's academy the perfect ten": [
    "https://www.olympic.org/videos/first-perfect-ten-nadia-comaneci",
    "http://www.bartconnergymnastics.com/index.php?about-nadia-comaneci",
    "https://www.telegraph.co.uk/gymnastics/2019/09/25/moment-time-18-july-1976-nadia-comanecis-perfect-10/",
    "https://www.aarp.org/politics-society/history/info-07-2010/where_are_they_now_nadia_comaneci.html",
    "https://www.theglobeandmail.com/sports/olympics/nadia-comaneci-from-a-perfect-10-in-montreal-to-a-busy-broadcaster-in-london/article4397072/",
    "https://en.wikipedia.org/wiki/Nadia_Com%C4%83neci",
    "https://www.fisu.net/news/summer-universiade/perfect-10-nadia-comaneci-calls-universiade-a-career-highlight",
    "http://www.bartandnadia.com/businesses/",
    "http://www.bartandnadia.com/bios/bio-nadia-comaneci/",
    "https://www.cnn.com/2012/04/03/sport/olympics-nadia-comaneci/index.html"
  ],
  "One pound of confectioners sugar equals how many ounces": [
    "https://www.traditionaloven.com/culinary-arts/sugars/powder-sugar/convert-pound-lb-powder-sugar-to-ounce-oz-powder-sugar.html",
    "https://www.cookinglight.com/cooking-101/essential-ingredients/how-many-cups-of-powdered-sugar-in-a-box",
    "https://www.bhg.com/recipes/how-to/bake/cups-in-one-pound-powdered-sugar/",
    "https://cooking.stackexchange.com/questions/74265/measuring-powdered-sugar",
    "https://www.yahoo.com/lifestyle/many-cups-powdered-sugar-box-220401557.html",
    "https://food52.com/hotline/5091-how-many-cups-is-1-2-pounds-of-confectioner-s-sugar",
    "https://www.twokitchenjunkies.com/how-many-cups-in-a-pound-of-powdered-sugar/",
    "https://www.quora.com/How-many-cups-of-powdered-sugar-are-in-16-oz-box",
    "https://chewtheworld.com/how-many-cups-in-a-pound-of-powdered-sugar/",
    "https://www.chsugar.com/baking-tips-how-tos/substitutions-measurements"
  ],
  "What skills are needed to become a surgeon to be successful": [
    "https://www.globalpremeds.com/blog/2016/11/19/essential-skills-how-to-become-a-surgeon/",
    "https://www.healthcareers.nhs.uk/explore-roles/doctors/roles-doctors/surgery/general-surgery/entry-requirements-skills-and-interests",
    "https://www.rcseng.ac.uk/careers-in-surgery/careers-support/skills-and-qualities-of-a-surgeon/",
    "https://study.com/articles/What_Skills_are_Needed_to_be_a_Doctor.html",
    "https://www.careeraddict.com/doctor-skills",
    "https://www.sgu.edu/blog/medical/what-makes-a-good-doctor/",
    "https://work.chron.com/career-skills-needed-become-medical-doctor-23178.html",
    "https://work.chron.com/important-characteristics-attributes-successful-doctor-31009.html",
    "https://targetjobs.co.uk/careers-advice/job-descriptions/279311-doctor-hospital-job-description",
    "https://www.facs.org/education/resources/residency-search/traits"
  ],
  "How much does a 1996 chevy lumina weigh": [
    "https://www.edmunds.com/chevrolet/lumina/1996/features-specs/",
    "https://www.auto123.com/en/new-cars/technical-specs/chevrolet/lumina/1996/base/base/",
    "https://www.driverside.com/specs/chevrolet-lumina-1996-1896-4202-0",
    "https://www.automobile-catalog.com/make/chevrolet_usa/lumina_2gen/lumina_2gen_sedan/1996.html",
    "https://www.automobile-catalog.com/car/1996/474320/chevrolet_lumina_ls_sedan_3100_v6_sfi_automatic.html",
    "https://www.answers.com/Q/How_much_does_a_Chevy_Lumina_weigh",
    "https://www.carfolio.com/specifications/models/car/?car=171732",
    "https://en.wikipedia.org/wiki/Chevrolet_Lumina",
    "https://www.cars.com/research/chevrolet-lumina-1996/specs/",
    "https://hollisterrecyclingcenter.info/vehicle-recycling/"
  ],
  "The precipitaion of a cougar": [
    "https://www.bestplaces.net/climate/zip-code/washington/cougar/98616",
    "http://www.worldclimate.com/climate/us/washington/cougar",
    "https://www.usclimatedata.com/climate/cougar/washington/united-states/uswa0096",
    "https://www.wunderground.com/weather/us/wa/cougar",
    "https://www.wunderground.com/precipitation/us/wa/cougar",
    "https://animals.mom.me/climate-mountain-lions-live-in-3880.html",
    "https://wcc.sc.egov.usda.gov/nwcc/site?sitenum=420",
    "https://books.google.com/books?id=8GFUI7EwlVgC&pg=PA8&lpg=PA8&dq=The+precipitation+of+a+cougar&source=bl&ots=NyXsNyxise&sig=ACfU3U0IYsRmdlco_emtJdM-LTtv2NdYRw&hl=en&sa=X&ved=2ahUKEwiNo4OBwuDlAhURvZQKHe6QDoUQ6AEwCXoECBQQAQ",
    "https://books.google.com/books?id=qh0XXIeSzbgC&pg=PA8&lpg=PA8&dq=The+precipitation+of+a+cougar&source=bl&ots=uhueZ_OVMn&sig=ACfU3U1bnQ-Pwh4_jXUFqkuRFUgKrSIZEA&hl=en&sa=X&ved=2ahUKEwiNo4OBwuDlAhURvZQKHe6QDoUQ6AEwCnoECBYQAQ",
    "http://westernwildlife.org/large-carnivores-in-a-changing-world/"
  ],
  "What are the Functions of proteins to the body": [
    "https://www.webmd.com/men/features/benefits-protein",
    "https://www.healthline.com/nutrition/functions-of-protein",
    "https://ghr.nlm.nih.gov/primer/howgeneswork/protein",
    "https://courses.lumenlearning.com/wm-biology1/chapter/reading-function-of-proteins/",
    "https://www.sciencelearn.org.nz/resources/209-role-of-proteins-in-the-body",
    "https://study.com/academy/lesson/primary-functions-of-protein-in-the-body.html",
    "https://ensure.com/health-articles-tips/nutrition/power-protein",
    "https://healthyeating.sfgate.com/5-roles-protein-5785.html",
    "https://healthyeating.sfgate.com/6-primary-functions-proteins-5372.html",
    "https://bio.libretexts.org/Bookshelves/Introductory_and_General_Biology/Book%3A_General_Biology_(Boundless)/3%3A_Biological_Macromolecules/3.3%3A_Proteins/3.3A%3A_Types_and_Functions_of_Proteins"
  ],
  "How much did the vietnam war cost per day": [
    "https://thevietnamwar.info/how-much-vietnam-war-cost/",
    "https://www.thebalance.com/vietnam-war-facts-definition-costs-and-timeline-4154921",
    "https://www.nytimes.com/1975/05/01/archives/us-spent-141billion-in-vietnam-in-14-years.html",
    "https://fas.org/sgp/crs/natsec/RS22926.pdf",
    "https://www.usatoday.com/story/money/2019/06/13/cost-of-war-13-most-expensive-wars-in-us-history/39556983/",
    "https://library.cqpress.com/cqalmanac/document.php?id=cqal75-1213988",
    "https://livinghistoryfarm.org/farminginthe50s/life_08.html",
    "https://en.wikipedia.org/wiki/Vietnam_War",
    "https://alphahistory.com/vietnamwar/costs-of-the-vietnam-war/",
    "https://www.britannica.com/event/Vietnam-War"
  ],
  "Largest living life on earth": [
    "https://www.businessinsider.com/largest-living-organism-the-armillaria-ostoyae-fungus-2017-5",
    "https://en.wikipedia.org/wiki/Largest_organisms",
    "http://www.bbc.com/earth/story/20141114-the-biggest-organism-in-the-world",
    "https://cosmosmagazine.com/biology/the-largest-organism-on-earth-is-dying",
    "https://www.nationalgeographic.com.au/nature/the-worlds-largest-living-organism.aspx",
    "https://owlcation.com/stem/largest-living-thing-on-earth",
    "https://www.independent.co.uk/environment/pando-aspen-forest-largest-organism-trees-utah-conservation-a8588791.html",
    "https://www.treehugger.com/slideshows/natural-sciences/10-largest-living-things-organisms-planet/",
    "https://www.newscientist.com/gallery/biggest-organisms/",
    "https://www.theatlantic.com/science/archive/2017/10/humongous-fungus-genome/544265/"
  ],
  "The twinkling of stars is caused by": [
    "http://curious.astro.cornell.edu/about-us/81-the-universe/stars-and-star-clusters/stargazing/382-why-do-stars-twinkle-beginner",
    "https://en.wikipedia.org/wiki/Twinkling",
    "https://www.skyandtelescope.com/astronomy-resources/why-do-stars-twinkle/",
    "https://quizlet.com/87016397/astronomy-6-flash-cards/",
    "https://www.livescience.com/32315-why-do-stars-twinkle.html",
    "https://spaceplace.nasa.gov/review/classroom-activities/pdf/adaptive_optics.pdf",
    "http://www.ur.umich.edu/9394/Feb07_94/18.htm",
    "https://earthsky.org/space/why-dont-planets-twinkle-as-stars-do",
    "https://amazing-space.stsci.edu/resources/explorations/groundup/lesson/basics/g18a/",
    "http://adsabs.harvard.edu/full/1952JRASC..46..191E"
  ],
  "What kind of music is listened toin costa rica": [
    "http://costarica-information.com/about-costa-rica/art-history/costa-rica-art/music",
    "https://www.costarica.com/culture/costa-rican-music",
    "https://en.wikipedia.org/wiki/Music_of_Costa_Rica",
    "https://www.donquijote.org/costarican-culture/traditions/music/",
    "https://theculturetrip.com/central-america/costa-rica/articles/songs-you-need-to-listen-to-when-in-costa-rica/",
    "https://theculturetrip.com/central-america/costa-rica/articles/popular-costa-rican-musicians-the-world-needs-to-know/",
    "https://www.quora.com/What-kinds-of-music-do-they-listen-to-in-Costa-Rica",
    "https://costarica.org/people/music/",
    "https://www.govisitcostarica.com/travelInfo/culture/costa-rica-music.asp",
    "https://www.spanishpuravida.com/popular-music-costa-rica/"
  ],
  "Width of a football field in yards": [
    "https://www.stack.com/a/the-dimensions-of-a-football-field",
    "https://en.wikipedia.org/wiki/American_football_field",
    "https://athlonsports.com/how-long-football-field",
    "https://sportsknowhow.com/football/field-dimensions/nfl-football-field-dimensions.html",
    "https://www.dummies.com/sports/football/american-football-stadiums-and-fields/",
    "https://apexsports.io/football-field-dimensions/",
    "https://hypertextbook.com/facts/2001/NinTam.shtml",
    "https://www.dimensions.guide/element/american-football-field",
    "https://www.quora.com/What-is-the-length-of-a-football-field",
    "https://www.answers.com/Q/Why_is_a_football_field_53.3_yards_and_not_for_example_50_or_55_yards_wide"
  ],
  "What is revolution of the sun": [
    "https://www.space.com/58-the-sun-formation-facts-and-characteristics.html",
    "https://www.thoughtco.com/revolution-geography-definition-1434848",
    "https://socratic.org/questions/what-is-the-revolution-period-of-the-sun",
    "https://www.encyclopedia.com/science/encyclopedias-almanacs-transcripts-and-maps/revolution-and-rotation",
    "https://astronomy.stackexchange.com/questions/20614/revolution-of-the-sun",
    "https://www.texasgateway.org/resource/earth-rotation-and-revolution",
    "https://geography.name/the-earths-revolution-around-the-sun/",
    "https://en.wikibooks.org/wiki/High_School_Earth_Science/Earth%27s_Motions",
    "https://www.smh.com.au/entertainment/books/does-the-sun-revolve-on-an-axis-or-is-it-stationary-in-the-middle-of-the-solar-system-20050611-gdlhr3.html",
    "https://solarsystem.nasa.gov/solar-system/sun/in-depth/"
  ],
  "How do snakes adapt to there enviornment": [
    "https://www.reference.com/pets-animals/snakes-adapt-environment-b1a3c3f8a8bec448",
    "https://www.backyardnature.net/snakadap.htm",
    "https://sciencing.com/snakes-adapt-forest-8701682.html",
    "https://study.com/academy/lesson/snake-adaptations-lesson-for-kids.html",
    "http://www.primaryhomeworkhelp.co.uk/adaptations/snakes.htm",
    "https://www.snakesforpets.com/how-do-snakes-adapt-to-the-desert/",
    "https://ypte.org.uk/factsheets/rainforest-animals/snakes",
    "https://www.quora.com/How-has-a-snake-adapted-to-its-environment",
    "https://www.kidzone.ws/lw/snakes/facts01.htm",
    "https://www.desertusa.com/reptiles/gopher-snake-canyonland.html"
  ],
  "Lil wayne 's favorite type of movie": [
    "https://www.lilwaynehq.com/forums/lil-wayne/36602-what-lil-waynes-favorite-movie-lots-unknow-things-about-him.html",
    "http://www.mtv.com/news/2498228/lil-wayne-favorite-movie-of-2012-so-far/",
    "https://en.wikipedia.org/wiki/Lil_Wayne",
    "https://genius.com/Lil-wayne-ride-for-my-niggas-lyrics",
    "https://www.theguardian.com/music/2018/oct/04/lil-waynes-albums-ranked",
    "https://www.billboard.com/articles/columns/hip-hop/8477332/lil-wayne-tha-carter-v-best-lyrics",
    "https://www.vice.com/en_us/article/jm5pm4/a-year-of-lil-wayne-ride-4-my-niggas-the-sky-is-the-limit",
    "https://www.imdb.com/name/nm1211443/",
    "https://www.washingtonpost.com/news/arts-and-entertainment/wp/2018/06/08/lil-wayne-peaked-10-years-ago-with-tha-carter-iii-the-rise-and-fall-of-the-greatest-rapper-alive/",
    "https://books.google.com/books?id=EX4yD1pJCxUC&pg=RA7-PA22&lpg=RA7-PA22&dq=Lil+wayne+'s+favorite+type+of+movie&source=bl&ots=li4UwPlSBB&sig=ACfU3U3SYTUhUN3rSaLbNUQOkVA6ff5Uzw&hl=en&sa=X&ved=2ahUKEwiHoNKE--PlAhUBPH0KHQqhB1gQ6AEwFHoECBoQAQ"
  ],
  "Where to get legendary pokemon on tppcrpg": [
    "https://wiki.tppc.info/Legendary_Pok%C3%A9mon",
    "http://forums.tppc.info/showthread.php?t=149516",
    "https://wiki.tppc.info/Mythical_Pok%C3%A9mon",
    "https://www.answers.com/Q/Where_do_you_find_legendary_Pokemon_in_tppc",
    "http://www.answers.com/Q/How_do_you_find_legendaries_in_TPPC",
    "http://www.cheatsguru.com/pc/pokemon_tppc/questions/1664309/",
    "http://www.cheatsguru.com/pc/tppc_online_rpg/questions/1416681/",
    "https://www.elitepvpers.com/forum/pokemon/4431816-tppcrpg.html",
    "https://bulbapedia.bulbagarden.net/wiki/TPPC",
    "http://tppc.smfforfree3.com/index.php?topic=28.0"
  ],
  "What is moon jelly a radial or bilateral": [
    "https://mashable.com/2015/06/18/symmetry-jellyfish/",
    "https://animals.mom.me/what-type-of-symmetry-do-jellyfish-have-7670528.html",
    "https://www.futurity.org/jellyfish-regeneration-symmetry-942962/",
    "https://www.caltech.edu/about/news/injured-jellyfish-seek-regain-symmetry-47020",
    "https://www.pnas.org/content/112/26/E3365",
    "https://www.montereybayaquarium.org/animal-guide/invertebrates/moon-jelly",
    "https://www.vattenkikaren.gu.se/fakta/arter/cnidaria/overcnid/nass04e.html",
    "http://bioweb.uwlax.edu/bio203/s2007/shull_step/classification.htm",
    "https://cronodon.com/BioTech/Jellyfish.html",
    "http://marinesciencetoday.com/2015/06/24/jellyfish-prioritize-symmetry-over-regeneration/"
  ],
  "Does she love corbin blu": [
    "https://en.wikipedia.org/wiki/Corbin_Bleu",
    "https://www.imdb.com/name/nm0088298/",
    "https://people.com/celebrity/corbin-bleu-is-engaged-to-sasha-clements/",
    "https://people.com/celebrity/corbin-bleu-and-sasha-clements-are-married/",
    "https://www.broadway.com/buzz/195373/corbin-bleu-and-stephanie-styles-on-tapping-flirting-and-falling-in-love-in-kiss-me-kate/",
    "https://www.j-14.com/posts/corbin-bleu-dove-cameron-mamma-mia-138002/",
    "https://www.seventeen.com/celebrity/hot-guys/interviews/g1626/corbin-bleu-interview/",
    "https://www.soapoperadigest.com/content/catching-corbin-bleu/",
    "https://nypost.com/2019/04/05/corbin-bleu-is-dancing-on-the-ceiling-for-kiss-me-kate/",
    "https://www.urbandictionary.com/define.php?term=Corbin%20Bleu"
  ],
  "What is grammatical cohesion": [
    "https://www.coursera.org/lecture/academic-literacy/grammatical-cohesion-FVDO0",
    "https://en.wikipedia.org/wiki/Cohesion_(linguistics)",
    "https://www.academia.edu/2344329/Grammatical_and_Lexical_Cohesion",
    "https://www.sciencedirect.com/science/article/pii/S1877042814002936/pdf?md5=ca0d29a6b9221af16ab9b82a3c388334&pid=1-s2.0-S1877042814002936-main.pdf",
    "http://www.glottopedia.org/index.php/Cohesion",
    "https://www.slideshare.net/cupidlucid/cohesion-types-presentation",
    "https://www.duo.uio.no/bitstream/handle/10852/26174/ENG4190xThesisx.pdf?sequence=1&isAllowed=y",
    "http://gosrok.blogspot.com/2012/02/grammatical-cohesion.html",
    "https://pdfs.semanticscholar.org/adc5/876fe6c61383e405864ce51d218c6c3b4c4e.pdf",
    "https://www.researchgate.net/publication/270926744_Grammatical_Cohesion_in_Abstracts"
  ],
  "What family does a lizard come from": [
    "https://en.wikipedia.org/wiki/Lizard",
    "http://animal-world.com/encyclo/reptiles/information/lizardclassfamilies.php",
    "https://www.livescience.com/56017-lizard-facts.html",
    "https://www.britannica.com/topic-browse/Animals/Reptiles/Lizards",
    "https://a-z-animals.com/animals/lizard/",
    "https://animals.sandiegozoo.org/animals/lizard",
    "https://kidskonnect.com/animals/lizard/",
    "https://seaworld.org/animals/facts/reptiles/lizards/",
    "https://animalcorner.co.uk/animals/lizards/",
    "https://www.coolkidfacts.com/lizard-facts/"
  ],
  "How much do event planners make yearly": [
    "https://work.chron.com/much-event-planner-make-annually-4489.html",
    "https://www.eventmanagerblog.com/event-planner-salary",
    "https://work.chron.com/much-money-wedding-event-planner-make-27542.html",
    "https://www.glassdoor.com/Salaries/event-planner-salary-SRCH_KO0,13.htm",
    "http://www.theweddingplannerbook.com/wedding-planner-salary",
    "https://www.payscale.com/research/US/Job=Event_Planner/Salary",
    "https://eventplanningblueprint.com/event-planner-salary/",
    "https://www.ziprecruiter.com/Salaries/What-Is-the-Average-Event-Planner-Salary-by-State",
    "https://money.usnews.com/careers/best-jobs/meeting-convention-and-event-planner/salary",
    "https://www.careerexplorer.com/careers/event-planner/salary/"
  ],
  "What did the person that invented the first motor bike look like": [
    "https://en.wikipedia.org/wiki/History_of_the_motorcycle",
    "https://en.wikipedia.org/wiki/Motorcycle",
    "http://www.bicyclehistory.net/motorcycle-history/first-motorcycle/",
    "https://www.thoughtco.com/history-of-the-motorcycle-1992151",
    "https://ozarkrides.com/first%20motorcycle.htm",
    "https://www.wired.com/2011/08/0830daimler-first-true-motorcycle/",
    "https://www.history.co.uk/history-of-biker-gangs/history-of-the-motorcycle",
    "https://www.rediff.com/money/2005/jan/07quiz.htm",
    "https://www.thevintagenews.com/2016/03/20/first-motorcycle-built-1885-called-reitwagen-riding-car/",
    "https://www.quora.com/Who-invented-the-motorcycle"
  ],
  "What are some cloven hooved animals": [
    "https://en.wikipedia.org/wiki/Cloven_hoof",
    "https://en.wikipedia.org/wiki/Kosher_animals",
    "https://www.bibleinfo.com/en/topics/unclean-meats",
    "https://www.britannica.com/topic-browse/Animals/Mammals/Hoofed-Mammals-Even-toed",
    "https://www.sciencedirect.com/topics/veterinary-science-and-veterinary-medicine/cloven-hoof",
    "https://www.chabad.org/parshah/article_cdo/aid/4002523/jewish/The-Inner-Meaning-of-Split-Hooves-and-Chewing-the-Cud.htm",
    "https://www.myjewishlearning.com/article/kosher-animals/",
    "https://www.quora.com/What-are-some-examples-of-animals-with-cloven-hooves",
    "https://www.quora.com/What-animals-have-cloven-hooves-and-chew-cud",
    "https://www.ucg.org/bible-study-tools/booklets/what-does-the-bible-teach-about-clean-and-unclean-meats/infographic-which"
  ],
  "1963 five dollar bill with red serial numbers": [
    "https://oldcurrencyvalues.com/1963_five_dollar_bills/",
    "http://oldcurrencyvalues.com/red_seal_five_dollar_bills/",
    "https://www.quora.com/What-is-the-value-of-a-1963-5-bill-with-a-red-ink-seal",
    "https://www.collectons.com/shop/item/62262/Five-Dollar-Bill-Red-Seal-STAR-NOTE-Series-1963-US-Currency",
    "https://www.collectons.com/shop/item/58111/Five-Dollar-Bill-Red-Seal-Series-1963-US-Currency",
    "https://coinsite.com/united-states-red-seal-notes/",
    "https://www.ebay.com/b/1963-5-Dollar-Bill-Red-Seal/40033/bn_7023282221",
    "http://www.antiquemoney.com/how-much-are-old-five-dollar-bills-worth/",
    "https://en.wikipedia.org/wiki/United_States_five-dollar_bill",
    "https://www.collectors.com/currency-item/1963-5-five-dollar-bill-red-seal-united-states-note-serial/-5954538551790664633"
  ],
  "How do you get rid of acene fast": [
    "https://www.glamour.com/story/how-to-get-rid-of-a-pimple",
    "https://www.healthline.com/nutrition/get-rid-of-pimples-fast",
    "https://www.medicalnewstoday.com/articles/326183.php",
    "https://www.seventeen.com/beauty/makeup-skincare/a45990/how-to-get-rid-of-pimples-overnight/",
    "https://www.goodhousekeeping.com/beauty/anti-aging/a36395/how-to-quickly-get-rid-of-pimples/",
    "https://www.gq.com/story/eight-ways-to-get-rid-of-pimples-overnight",
    "https://www.theknot.com/content/how-to-get-rid-of-acne",
    "https://www.lifehack.org/articles/lifestyle/10-simple-and-natural-ways-get-rid-acne-fast.html",
    "https://www.aad.org/when-acne-wont-clear",
    "https://www.verywellhealth.com/how-to-get-rid-of-pimples-fast-15960"
  ],
  "What is a moderately slow oven": [
    "https://en.wikipedia.org/wiki/Oven_temperatures",
    "https://www.food.com/about/oven-temperature-528",
    "https://www.womensweeklyfood.com.au/foodie-facts/oven-temperature-conversions-1314",
    "https://www.errenskitchen.com/cooking-conversions/oven-temperature-conversions/",
    "https://www.newideafood.com.au/oven-temperature",
    "https://www.thespruceeats.com/oven-temperatures-in-australia-256219",
    "https://coolconversion.com/temperature/gas-mark/What-is-meant-by-a__moderately-slow-or-warm_oven+temperature%253F",
    "https://www.joyofbaking.com/OvenTemperatures.html",
    "https://en.wikibooks.org/wiki/Cookbook:Oven_Temperatures",
    "https://hellotable.com.au/conversion-charts/"
  ],
  "Are Lea and cory dating": [
    "https://hollywoodlife.com/2013/07/14/cory-monteith-lea-michele-relationship-timeline-photos-dating-history/",
    "https://www.businessinsider.com/cory-monteith-and-lea-michele-relationship-timeline-photos-2013-7",
    "https://www.buzzfeednews.com/article/ashleyperez/a-timeline-of-cory-monteith-and-lea-micheles-relationship",
    "https://www.yahoo.com/entertainment/lea-michele-engaged-found-love-cory-monteiths-death-192953418.html",
    "https://www.billboard.com/articles/columns/pop/6835237/lea-michele-cory-monteith-fans-dating-really-hard",
    "https://abcnews.go.com/Entertainment/cory-monteith-lea-michele-love-years/story?id=19670117",
    "https://faithfully-finchel-forever.fandom.com/wiki/Lea-Cory_Relationship",
    "https://www.usmagazine.com/celebrity-news/news/lea-michele-gets-tattoo-in-honor-of-cory-monteith-w202410/",
    "https://www.mirror.co.uk/3am/celebrity-news/cory-monteiths-mum-reveals-heartbreaking-12946739",
    "https://www.etonline.com/lea-michele-honors-cory-monteith-on-6-year-anniversary-of-his-death-128522"
  ],
  "What are some commensasm relationships": [
    "https://www.thoughtco.com/commensalism-definition-and-examples-4114713",
    "https://examples.yourdictionary.com/commensalism-examples.html",
    "https://examples.yourdictionary.com/examples-of-symbiosis.html",
    "http://www.softschools.com/examples/science/commensalism_examples/373/",
    "https://www.britannica.com/science/commensalism",
    "https://en.wikipedia.org/wiki/Commensalism",
    "https://study.com/academy/lesson/commensalism-relationship-examples-definition-types.html",
    "https://biologydictionary.net/commensalism/",
    "https://blog.prepscholar.com/commensalism-examples-defintion",
    "https://www.factmonster.com/math-science/biology/plants-animals/animal-partnerships"
  ],
  "Where are the Black Hills located": [
    "https://en.wikipedia.org/wiki/Black_Hills",
    "https://www.blackhillsbadlands.com/maps",
    "https://www.blackhillsbadlands.com/",
    "https://www.travelsouthdakota.com/trip-ideas/road-journal/7-unexpected-things-youll-see-black-hills-national-forest",
    "https://www.britannica.com/place/Black-Hills",
    "https://www.blackhillsvacations.com/plan-your-visit/black-hills-maps",
    "https://www.fs.usda.gov/blackhills",
    "https://www.newworldencyclopedia.org/entry/Black_Hills",
    "https://www.yellowstonepark.com/road-trips/black-hills-towns",
    "http://www.bhsu.edu/About-BHSU/The-Black-Hills-of-SD"
  ],
  "What caused worldwide economic crisis": [
    "https://www.thebalance.com/what-caused-2008-global-financial-crisis-3306176",
    "https://en.wikipedia.org/wiki/Financial_crisis_of_2007%E2%80%932008",
    "https://www.thebalance.com/2008-financial-crisis-3305679",
    "https://www.historyextra.com/period/modern/financial-crisis-crash-explained-facts-causes/",
    "https://www.history.com/topics/21st-century/recession",
    "https://www.history.com/news/2008-financial-crisis-causes",
    "https://www.investopedia.com/terms/f/financial-crisis.asp",
    "https://www.britannica.com/event/Great-Depression",
    "https://www.britannica.com/list/5-of-the-worlds-most-devastating-financial-crises",
    "https://www.globalpolicy.org/social-and-economic-policy/the-world-economic-crisis.html"
  ],
  "Where does a snowstorm less likely happen": [
    "https://scied.ucar.edu/learning-zone/storms/blizzards",
    "https://scied.ucar.edu/shortcontent/snowstorms",
    "https://simple.wikipedia.org/wiki/Blizzard",
    "https://www.dosomething.org/facts/11-facts-about-blizzards",
    "https://www.weatheronline.co.uk/reports/wxfacts/Blizzard.htm",
    "https://www.weather.gov/safety/winter-ground-blizzard",
    "https://www.directenergy.com/learning-center/weather-readiness/snowstorm-vs-blizzard",
    "https://www.worldatlas.com/articles/where-are-blizzards-most-likely-to-occur.html",
    "https://www.conserve-energy-future.com/facts-effects-and-formation-of-blizzards.php",
    "https://nsidc.org/cryosphere/snow/science/weather.html"
  ],
  "Class action lawsuit": [
    "https://www.consumer-action.org/lawsuits/by-status/open",
    "https://topclassactions.com/category/lawsuit-settlements/open-lawsuit-settlements/",
    "https://www.classaction.org/list-of-lawsuits",
    "https://www.classaction.org/settlements",
    "https://en.wikipedia.org/wiki/Class_action",
    "https://www.thebalancesmb.com/what-is-a-class-action-lawsuit-3623787",
    "https://www.nolo.com/legal-encyclopedia/what-is-a-class-action.html",
    "https://www.alllaw.com/articles/nolo/personal-injury/class-action-lawsuit.html",
    "https://www.law.cornell.edu/wex/class_action",
    "https://www.classaction.com/lawsuits/"
  ],
  "Stratified random sampling": [
    "https://www.investopedia.com/ask/answers/032615/what-are-some-examples-stratified-random-sampling.asp",
    "https://www.investopedia.com/terms/stratified_random_sampling.asp",
    "https://en.wikipedia.org/wiki/Stratified_sampling",
    "https://www.questionpro.com/blog/stratified-random-sampling/",
    "https://www.statisticshowto.datasciencecentral.com/stratified-random-sample/",
    "https://www.thebalancesmb.com/what-is-a-stratified-random-sample-2296943",
    "https://www.thoughtco.com/stratified-sampling-3026731",
    "https://www.surveygizmo.com/resources/blog/what-is-stratified-sampling-when-is-it-used/",
    "https://stattrek.com/survey-research/stratified-sampling.aspx",
    "https://www.dictionary.com/browse/stratified-random-sample"
  ],
  "Number of quarters in a roll": [
    "https://coins.thefuntimesguide.com/coin_rolls/",
    "https://www.thesprucecrafts.com/number-of-coins-in-roll-768862",
    "http://cointrackers.com/blog/39/how-many-coins-are-in-a-roll/",
    "https://growingsavings.com/quarters-in-a-roll/",
    "https://www.apmex.com/education/coin-collecting/how-to-roll-coins",
    "https://www.reference.com/math/much-money-roll-quarters-8afc70c5172368c9",
    "https://www.reference.com/business-finance/many-coins-roll-canada-98adfdedb5768b40",
    "https://en.wikipedia.org/wiki/Coin_wrapper",
    "https://www.wyzant.com/resources/answers/20811/how_many_rolls_of_each_coin_does_he_have",
    "https://coinauctionshelp.com/how-many-quarters-in-a-roll-coin-roll-melt-value/"
  ],
  "Who was in spains first government": [
    "https://www.britannica.com/place/Spain/Government-and-society",
    "https://en.wikipedia.org/wiki/Government_of_Spain",
    "https://en.wikipedia.org/wiki/Politics_of_Spain",
    "https://www.tripsavvy.com/spain-government-facts-1644329",
    "https://www.bbc.com/news/world-europe-17955805",
    "https://www.nytimes.com/2019/11/09/world/europe/spain-election.html",
    "https://www.thelocal.es/20190903/pedro-sanchez-makes-fresh-bid-to-win-support-for-new-government-in-spain",
    "https://www.washingtonpost.com/politics/2019/07/20/is-something-wrong-with-spains-political-leaders/",
    "https://freedomhouse.org/report/freedom-world/2019/spain",
    "https://www.reuters.com/article/us-spain-politics/spains-podemos-demands-bigger-government-role-to-back-sanchez-as-pm-idUSKCN1UH1ET"
  ],
  "What si social darwinism": [
    "http://english.oxforddictionaries.com/social%20Darwinism",
    "https://www.britannica.com/topic/social-Darwinism",
    "https://www.history.com/topics/early-20th-century-us/social-darwinism",
    "https://en.wikipedia.org/wiki/Social_Darwinism",
    "https://www.khanacademy.org/humanities/us-history/the-gilded-age/gilded-age/a/social-darwinism-in-the-gilded-age",
    "https://www.dictionary.com/browse/social-darwinism",
    "https://www.allaboutscience.org/what-is-social-darwinism-faq.htm",
    "https://www.amnh.org/exhibitions/darwin/evolution-today/social-darwinism",
    "https://study.com/academy/lesson/social-darwinism-definition-meaning-quiz.html",
    "https://www.oxfordbibliographies.com/view/document/obo-9780199756384/obo-9780199756384-0166.xml"
  ],
  "Persecution of the christian church": [
    "https://en.wikipedia.org/wiki/Persecution_of_Christians_in_the_Roman_Empire",
    "https://en.wikipedia.org/wiki/Persecution_of_Christians",
    "https://www.opendoorsusa.org/christian-persecution/",
    "https://www.christianitytoday.com/history/issues/issue-27/persecution-in-early-church-did-you-know.html",
    "https://www.thegospelcoalition.org/article/9-things-know-global-persecution-christians-2019-edition/",
    "https://www.bbc.com/news/uk-48146305",
    "https://www.baltimoresun.com/opinion/op-ed/bs-ed-op-0523-christian-persecution-20190522-story.html",
    "https://www.newsweek.com/persecution-christians-genocide-christianity-disappearing-report-1414038",
    "https://study.com/academy/lesson/christian-persecution-facts-history.html",
    "https://www.allaboutfollowingjesus.org/early-christian-persecution-faq.htm"
  ],
  "Where does saltwater sponges live": [
    "http://tolweb.org/treehouses/?treehouse_id=3431",
    "http://tolweb.org/treehouses/?treehouse_id=4291",
    "https://oceanservice.noaa.gov/facts/sponge.html",
    "https://en.wikipedia.org/wiki/Sponge",
    "https://www.researchgate.net/post/Why_can_sponges_live_in_either_freshwater_or_sea",
    "https://www.thoughtco.com/sponges-profile-2291833",
    "http://www.seasky.org/coral-reef-life/sponges-sea-squirts.html",
    "https://www.aquariumcreationsonline.net/sponge.html",
    "https://www.advancedaquarist.com/2011/6/inverts2",
    "https://spongis.org/what-are-sponges/"
  ],
  "The photic zone has an maximum depth of": [
    "https://oceanservice.noaa.gov/facts/light_travel.html",
    "https://en.wikipedia.org/wiki/Photic_zone",
    "https://www.britannica.com/science/photic-zone",
    "https://www.sciencedirect.com/topics/earth-and-planetary-sciences/photic-zone",
    "https://www.sciencedirect.com/topics/earth-and-planetary-sciences/euphotic-zone",
    "https://agupubs.onlinelibrary.wiley.com/doi/full/10.1029/2006JC003802",
    "https://agupubs.onlinelibrary.wiley.com/doi/pdf/10.1029/2006GB002807",
    "https://scholarspace.manoa.hawaii.edu/bitstream/10125/1531/1/v30n1-45-68.pdf",
    "https://wwnorton.com/college/geo/oceansci/ch/14/welcome.asp",
    "https://www.nature.com/scitable/knowledge/library/the-biological-productivity-of-the-ocean-70631104"
  ],
  "Blue and pink make what": [
    "https://www.quora.com/What-color-does-mixing-pink-and-blue-make",
    "https://marketingaccesspass.com/pink-and-blue-mixed-what-color-does-pink-and-blue-make/",
    "https://answers.yahoo.com/question/index?qid=1006030306894",
    "https://www.enchantedlearning.com/crafts/Colormixing.shtml",
    "http://www.colorsontheweb.com/Color-Theory/The-Color-Wheel",
    "https://thebakerscupboard.com/p/decorators-color-wheel-food-coloring-mixing-chart",
    "https://forum.deviantart.com/devart/general/1038783/",
    "https://www.reference.com/science/color-pink-purple-make-29097f2d14957a3c",
    "http://www.uvm.edu/~chmartin/sdeslaur/webquest/",
    "https://www.answers.com/Q/What_color_does_blue_and_green_and_pink_make_when_mixed_together"
  ],
  "What are the various irrigation practices in the villages": [
    "https://www.cdc.gov/healthywater/other/agricultural/types.html",
    "https://brainly.in/question/1190257",
    "https://brainly.in/question/4159720",
    "https://www.answers.com/Q/What_are_the_various_irrigation_practices_in_villages",
    "https://en.wikipedia.org/wiki/Irrigation",
    "https://www.nextgurukul.in/questions-answers-forum/question/academic/Write-a-brief-report-on-various-irrigation-practices-in-villages-and-the-changes-in-cropping-pattern-in-the-last/88559",
    "https://answers.yahoo.com/question/index?qid=20080717035928AADdaVx",
    "https://www.civilserviceindia.com/subject/General-Studies/notes/different-types-of-irrigation-and-irrigation-systems-storage.html",
    "https://www.meritnation.com/ask-answer/question/write-a-brief-report-on-various-irrigation-practices-in-vill/water-resources-geography/12293937",
    "https://www.researchgate.net/publication/320339019_Assessment_of_Irrigation_Practices_of_Farmers_Receiving_Water_from_Open-Canal_and_Piped_Irrigation_Networks"
  ],
  "How do you care for newborn pitbull pups": [
    "https://www.hillspet.com/dog-care/new-pet-parent/newborn-puppy-care",
    "https://pets.webmd.com/dogs/guide/caring-newborn-puppy",
    "https://www.akc.org/expert-advice/news/raising-newborn-puppies/",
    "https://www.cesarsway.com/how-to-care-for-newborn-puppies/",
    "https://vcahospitals.com/know-your-pet/breeding-for-dog-owners-caring-for-newborn-puppies",
    "https://www.wikihow.com/Care-for-Newborn-Puppies",
    "https://www.petcoach.co/article/caring-for-newborn-puppies-their-mother/",
    "https://www.canidae.com/blog/2009/10/caring-for-newborn-puppies-and-their-mom/",
    "https://pets.thenest.com/taking-care-puppy-its-mother-10816.html",
    "http://resources.bestfriends.org/article/caring-orphaned-newborn-puppies-basic-care-feeding-and-disease-prevention"
  ],
  "10 common defects characteristics in timber": [
    "https://civilseek.com/defects-in-timber/",
    "https://theconstructor.org/building/types-of-defects-in-timber/21521/",
    "https://civiltoday.com/civil-engineering-materials/timber/85-defects-in-timber-types-and-reasons",
    "http://wiki.dtonline.org/index.php/Timber_Defects",
    "https://www.davidstimber.com.au/resource-centre/wood-defects/",
    "https://www.woodworkingnetwork.com/best-practices-guide/solid-wood-machining/understanding-working-wood-defects",
    "http://www.nzdl.org/gsdlmod?e=d-00000-00---off-0cdl--00-0----0-10-0---0---0direct-10---4-------0-1l--11-en-50---20-about---00-0-1-00-0--4----0-0-11-10-0utfZz-8-00&cl=CL1.251&d=HASH01ba0f381a45a4ad83b37c47.3.6&gt=1",
    "https://www.wooduchoose.com/BlogPost/?Defects-in-Wood",
    "https://www.slideshare.net/RajatYadav18/timber-characteristics-and-defects",
    "https://www.decks.com/how-to/188/lumber-defects-101"
  ],
  "What are chinas important landmarks": [
    "https://www.chinahighlights.com/travelguide/article-china-landmarks.htm",
    "https://www.topchinatravel.com/china-guide/famous-landmarks-in-china.htm",
    "https://www.chinaeducationaltours.com/guide/article-top-10-landmarks.htm",
    "https://www.webjet.com.au/travel/destinations/asia/10-must-see-landmarks-china/",
    "https://traveluto.com/famous-landmarks-in-china/",
    "https://www.chinatour.com/china-guide-and-tools/china-landmarks/",
    "https://www.wendywutours.co.uk/blog/china/visiting-chinas-most-famous-landmarks/",
    "https://www.wondermondo.com/wonders-of-china/",
    "https://theculturetrip.com/asia/china/articles/8-historical-landmarks-to-see-in-beijing/",
    "https://www.tripadvisor.com/Attractions-g294211-Activities-c47-China.html"
  ],
  "What are utahs four largest cities": [
    "http://worldpopulationreview.com/states/utah-population/cities/",
    "https://www.newsmax.com/FastFeatures/biggest-cities-in-utah-beehive-state/2015/04/09/id/637576/",
    "https://www.geonames.org/US/UT/largest-cities-in-utah.html",
    "https://www.utah-demographics.com/cities_by_population",
    "https://en.wikipedia.org/wiki/List_of_cities_and_towns_in_Utah",
    "https://www.worldatlas.com/articles/the-10-biggest-cities-in-utah.html",
    "https://www.homesnacks.net/cities/cities-in-utah/",
    "https://www.homes.com/f/utah/homes-for-sale/top-10-most-populated-cities/",
    "http://www.citypopulation.de/en/usa/cities/utah/",
    "https://vacationidea.com/utah/largest-cities-in-utah.html"
  ],
  "What are two powers that the legislative branch has": [
    "http://www.house.gov/the-house-explained/branches-of-government",
    "https://www.whitehouse.gov/about-the-white-house/the-legislative-branch/",
    "https://www.usa.gov/branches-of-government",
    "https://www.history.com/topics/us-government/legislative-branch",
    "https://www.history.com/news/legislative-branch-house-representatives-senate-surprising-facts",
    "https://study.com/academy/lesson/legislative-branch-of-government-definition-power-function.html",
    "https://www.ducksters.com/history/us_legislative_branch.php",
    "https://bensguide.gpo.gov/m-legislative",
    "https://bensguide.gpo.gov/j-check-balance",
    "http://www.ncsl.org/research/about-state-legislatures/separation-of-powers.aspx"
  ],
  "Branches on every division of philosophy": [
    "http://www.evphil.com/philosophy-101.html",
    "http://www.philosophy-index.com/philosophy/branches/",
    "https://philosophy.lander.edu/intro/what.shtml",
    "https://en.wikibooks.org/wiki/Introduction_to_Philosophy/The_Branches_of_Philosophy",
    "http://www.angelfire.com/az/experiment/phildiv.html",
    "https://www.quora.com/What-are-the-main-branches-of-philosophy",
    "https://en.wikipedia.org/wiki/Philosophy",
    "https://philosophy.stackexchange.com/questions/131/what-are-the-major-branches-of-philosophy",
    "http://factmyth.com/the-branches-of-philosophy-overview/",
    "https://ninewells.vuletic.com/philosophy/which-branch-of-philosophy-is-most-important/"
  ],
  "What do the people in lebanon speak": [
    "https://www.bbc.co.uk/news/10316914",
    "https://en.wikipedia.org/wiki/French_language_in_Lebanon",
    "https://en.wikipedia.org/wiki/Lebanon",
    "https://www.skileb.com/ski-lebanon/people-language/",
    "https://www.worldatlas.com/articles/what-languages-are-spoken-in-lebanon.html",
    "https://www.studycountry.com/guide/LB-language.htm",
    "https://www.quora.com/What-language-do-they-speak-in-Lebanon",
    "https://www.haaretz.com/1.5100858",
    "https://www.everyculture.com/Ja-Ma/Lebanon.html",
    "http://www.lebaneselanguage.org/language/lebanese-vs-arabic/"
  ],
  "What is the reason for the novel The Da Vinci Code": [
    "https://en.wikipedia.org/wiki/The_Da_Vinci_Code",
    "https://danbrown.com/the-davinci-code/",
    "https://historycollection.co/16-reasons-why-the-da-vinci-code-is-full-of-inaccurate-history/",
    "https://www.penguinrandomhouse.com/books/19309/the-da-vinci-code-by-dan-brown/9780307277671/teachers-guide/",
    "https://www.articulatemarketing.com/blog/why-is-the-da-vinci-code-so-popular",
    "http://www.nbcnews.com/id/7491383/ns/dateline_nbc/t/secrets-behind-da-vinci-code/",
    "https://www.allaboutgod.com/da-vinci-code-truth.htm",
    "https://aashnamalani.com/entertainment/5-reasons-to-read-da-vinci-code-by-dan-brown/",
    "https://danbrown.fandom.com/wiki/The_Da_Vinci_Code_(Book)",
    "https://bookpage.com/interviews/8526-dan-brown-mystery-suspense"
  ],
  "How many millimeter in one liter": [
    "https://support.google.com/websearch/answer/3284611?hl=en#unitconverter",
    "https://www.asknumbers.com/liter-to-milliliter.aspx",
    "https://www.quora.com/How-many-millimeters-are-in-1-liter",
    "https://study.com/academy/answer/how-many-ml-in-1-liter.html",
    "https://www.metric-conversions.org/volume/liters-to-milliliters.htm",
    "https://www.thecalculatorsite.com/conversions/liquidvolume/milliliters-to-liters.php",
    "https://www.calculateme.com/volume/liters/to-milliliters/1",
    "https://www.convertunits.com/from/ml/to/liter",
    "https://mste.illinois.edu/dildine/tcd_files/metric/conversions.htm",
    "https://www.inchcalculator.com/convert/liter-to-milliliter/"
  ],
  "What language do people speak in Angola": [
    "https://www.justlanded.com/english/Angola/Angola-Guide/Language/Languages-in-Angola",
    "https://en.wikipedia.org/wiki/Languages_of_Angola",
    "https://www.worldatlas.com/articles/what-languages-are-spoken-in-angola.html",
    "https://alphaomegatranslations.com/foreign-language/three-of-the-most-important-languages-of-angola/",
    "https://www.ethnologue.com/country/ao/languages",
    "https://www.one-visa.com/languages-in-angola",
    "https://www.quora.com/What-language-do-they-speak-in-Angola",
    "https://www.onehourtranslation.com/translation/blog/languages-angola",
    "https://www.studycountry.com/guide/AO-language.htm",
    "https://www.learningportuguese.co.uk/countries/angola"
  ],
  "How can you delete your millsberry": [
    "https://www.youtube.com/watch?v=b0aDcQY_KJU",
    "https://www.answers.com/Q/How_do_you_delete_a_millsberry_account",
    "http://www.answers.com/Q/How_do_you_delete_your_millsberry",
    "https://support.google.com/googleplay/answer/9130646?co=GENIE.Platform%3DAndroid&hl=en",
    "https://www.facebook.com/help/170585223002660",
    "https://twitter.com/hashtag/millsberry",
    "https://vidymuk.tk/newsbeat/millsberry-what-happened-to-kesha.php",
    "https://jonubedimeki.tk/streaming/millsberry-what-happened-to-kesha.php",
    "https://zytexehoka.tk/in-pictures/who-united-the-sikh-millsberry.php",
    "http://jasw.dd-dns.de/cjI2"
  ],
  "Would be a key to preventing future genocide": [
    "https://www.ushmm.org/confront-genocide/how-to-prevent-genocide",
    "https://www.ushmm.org/confront-genocide/how-to-prevent-genocide/failure-to-prevent",
    "http://www.genocidewatch.org/howpreventgenocideic.html",
    "https://freedomhouse.org/article/payam-akhavan-political-will-key-preventing-genocide",
    "https://freedomhouse.org/sites/default/files/Preventing%20Atrocities%20Five%20Key%20Primers.pdf",
    "https://africacenter.org/spotlight/lessons-preventing-genocide-africa-since-rwanda-lakin/",
    "https://www.ohchr.org/en/NewsEvents/Pages/DisplayNews.aspx?NewsID=14334&LangID=E",
    "http://www.un.org/en/preventgenocide/rwanda/pdf/bgpreventgenocide.pdf",
    "http://www.cnn.com/2008/WORLD/europe/12/01/sbm.albright.cohen.commentary/",
    "https://www.cfr.org/content/publications/attachments/Mass_Atrocities_CSR49.pdf"
  ],
  "How many teaspoons in one half ounce liquid": [
    "https://www.asknumbers.com/teaspoon-to-ounce.aspx",
    "https://www.asknumbers.com/ounces-to-teaspoon.aspx",
    "https://www.exploratorium.edu/cooking/convert/measurements.html",
    "https://www.calculateme.com/volume/fluid-ounces/to-teaspoons/1",
    "https://www.traditionaloven.com/culinary-arts/volume/convert-liquid-ounce-fl-oz-us-to-teaspoon-tsp-us.html",
    "https://www.traditionaloven.com/culinary-arts/volume/convert-teaspoon-tsp-us-to-liquid-ounce-fl-oz-us.html",
    "https://www.inchcalculator.com/convert/fluid-ounce-to-teaspoon/",
    "https://www.conversion-metric.org/volume/teaspoon-to-ounce",
    "https://www.conversionunites.com/converter-ounce-us-to-teaspoon",
    "http://dish.allrecipes.com/commonly-used-measurements-equivalents/"
  ],
  "What are some cheerleading facts": [
    "https://sites.google.com/site/cheerleading7698/fun-facts",
    "https://cheerleading.lovetoknow.com/Cheerleading_Facts",
    "https://www.liveabout.com/cheerleading-history-4080643",
    "https://www.factretriever.com/cheerleading-facts",
    "http://blog.omnicheer.com/post/did-you-know-10-facts-about-cheerleading",
    "https://blogs.proquest.com/elibrary/10-facts-about-cheerleading/",
    "https://www.britannica.com/sports/cheerleading",
    "https://sportsaspire.com/interesting-facts-about-cheerleading",
    "https://www.cuwfalcons.com/sports/cheer/2012-13/releases/20120710fkyula",
    "https://en.wikipedia.org/wiki/Cheerleading"
  ],
  "When is the coast guard day celebrated": [
    "https://en.wikipedia.org/wiki/Coast_Guard_Day",
    "https://nationaldaycalendar.com/national-coast-guard-day-august-4/",
    "https://www.uso.org/stories/2273-9-coast-guard-facts",
    "https://militarybenefits.info/coast-guard-day/",
    "https://www.military.com/military-appreciation-month/origins-of-coast-guard-day.html",
    "https://www.military.com/coast-guard-birthday",
    "https://www.awarenessdays.com/awareness-days-calendar/coast-guard-day-2019/",
    "https://www.cnn.com/2019/08/04/us/coast-guard-day-trnd/index.html",
    "https://www.jagranjosh.com/general-knowledge/coast-guard-day-1564658565-1",
    "https://nationaltoday.com/u-s-coast-guard-birthday/"
  ],
  "How far away it is from mercury": [
    "http://coolcosmos.ipac.caltech.edu/ask/25-How-far-is-Mercury-from-Earth-",
    "https://www.space.com/18646-mercury-distance.html",
    "https://theplanets.org/distances-between-planets/",
    "https://www.universetoday.com/14163/how-far-is-mercury-from-the-sun/",
    "https://solarsystem.nasa.gov/planets/mercury/in-depth/",
    "https://earthobservatory.nasa.gov/images/45710/earth-and-moon-from-mercury",
    "https://www.forbes.com/sites/jamiecartereurope/2019/10/10/how-far-away-is-the-sun-next-month-citizen-scientists-will-use-a-transit-of-mercury-to-check/",
    "http://curious.astro.cornell.edu/about-us/56-our-solar-system/planets-and-dwarf-planets/general-questions/214-how-far-is-each-planet-from-earth-intermediate",
    "https://www.alibaba.com/wiki/e88bc166-0141-4d22-b69d-b956f2818717.html",
    "https://www.extremetech.com/extreme/287809-mercury-is-actually-the-closest-planet-to-every-other-planet"
  ],
  "Code for rip jaws in dna": [
    "https://njuaxeq.blog.hu/2012/01/31/ben_10_dna_lab_codes_for_ripjaws_1?layout=5",
    "https://www.quantamagazine.org/shrinking-bat-dna-and-elastic-genomes-20170801/",
    "https://www.alibaba.com/wiki/a9db91c8-5159-4c19-a65c-ab47a8c50b14.html",
    "https://www.ncbi.nlm.nih.gov/pubmed/27508520",
    "https://ben10.fandom.com/wiki/DNA_Lab",
    "https://books.google.com/books?id=psglq7MjmIMC&pg=PA86&lpg=PA86&dq=Code+for+rip+jaws+in+dna&source=bl&ots=5l8f7rV8qx&sig=ACfU3U15iZILwMcRtXj7kfv5aDb-0QR_jA&hl=en&ppis=_c&sa=X&ved=2ahUKEwiDpo_9zODlAhWRLqYKHU7vAKUQ6AEwBXoECBQQAQ",
    "https://www.dailymail.co.uk/health/article-7597585/New-DNA-editing-method-fix-89-genetic-diseases-scientists-claim.html",
    "https://www.dailymail.co.uk/sciencetech/article-6101975/Dinosaur-DNA-modern-birds.html",
    "https://books.google.com/books?id=PvDNfhE0YxkC&pg=PA115&lpg=PA115&dq=Code+for+rip+jaws+in+dna&source=bl&ots=I9o38CMVgz&sig=ACfU3U0kLLFIO2_KBU00oboQVoHXQ6Uv5Q&hl=en&ppis=_c&sa=X&ved=2ahUKEwiDpo_9zODlAhWRLqYKHU7vAKUQ6AEwCHoECBMQAQ",
    "https://www.japantimes.co.jp/news/2019/02/19/world/science-health-world/real-jaws-great-white-sharks-genetic-secrets-revealed/"
  ],
  "Worlds largest chicken": [
    "https://largest.org/animals/chicken-breeds/",
    "https://www.thedodo.com/toddler-sized-chicken-video-2322164130.html",
    "https://www.ladbible.com/news/animals-largest-chicken-in-the-world-settles-down-with-two-hens-20181129",
    "https://www.h2ouse.org/largest-chicken-breed/",
    "https://www.pinterest.com/pin/186195765824844784/",
    "https://www.mirror.co.uk/news/weird-news/taller-most-dogs-viewers-left-10062300",
    "https://qz.com/937509/giant-chicken-the-viral-brahma-rooster-would-have-seemed-normal-to-americans-before-factory-farming/",
    "https://www.today.com/food/giant-chicken-ruffling-feathers-all-over-internet-t109417",
    "https://www.cnn.com/2017/03/20/us/big-chicken-video-twitter-trnd/index.html",
    "https://www.reference.com/pets-animals/large-world-s-largest-chicken-3cee9cbe6b339702"
  ],
  "What is the postal code of kentucky": [
    "https://www.zipcodestogo.com/Kentucky/",
    "https://www.geonames.org/postal-codes/US/KY/kentucky.html",
    "https://data.mongabay.com/igapo/zip_codes_Kentucky.htm",
    "https://data.mongabay.com/igapo/zip_codes/KY.htm",
    "https://www.zip-codes.com/state/ky.asp",
    "https://www.unitedstateszipcodes.org/ky/",
    "https://worldpostalcode.com/united-states/kentucky/",
    "http://www.heartandcoeur.com/heart_travel/area/kentucky_502.php",
    "https://www.addresses.com/zip-codes-by-state/kentucky",
    "https://kentucky.hometownlocator.com/zip-codes/zipcodes,city,louisville.cfm"
  ],
  "What creates a sandstorm": [
    "https://weatherstreet.com/weatherquestions/What_causes_sandstorms.htm",
    "https://en.wikipedia.org/wiki/Dust_storm",
    "https://www.wonderopolis.org/wonder/what-causes-sandstorms",
    "http://www.weatherwizkids.com/?page_id=1333",
    "http://www.edu.pe.ca/southernkings/weathersandstormpasha.htm",
    "http://www.edu.pe.ca/southernkings/weathersandstormmaddie.htm",
    "https://public.wmo.int/en/our-mandate/focus-areas/environment/SDS",
    "https://science.howstuffworks.com/nature/climate-weather/storms/dust-storm3.htm",
    "https://lighthouse.mq.edu.au/please-explain/what-causes-a-dust-storm",
    "https://www.weather.gov/safety/wind-dust-storm"
  ],
  "How much does a pound of marijuana cost in the us": [
    "http://budzu.com/prices",
    "https://www.quora.com/How-much-does-a-pound-of-weed-cost",
    "http://www.priceofweed.com/prices/United-States.html",
    "https://budsgrowguide.com/the-cost-of-weed/",
    "https://www.forbes.com/sites/priceonomics/2018/05/18/heres-how-much-marijuana-costs-in-the-united-states-vs-canada/",
    "https://www.forbes.com/sites/debraborchardt/2017/01/31/marijuana-prices-fall-in-2016-as-growers-flood-the-market-with-pot/",
    "https://www.nj.com/data/2017/11/the_price_of_weed_in_all_50_states.html",
    "https://reports.cannabisbenchmarks.com/",
    "https://www.sacbee.com/news/california/article229957019.html",
    "https://www.oxfordtreatment.com/substance-abuse/marijuana/average-cost-of-marijuana/"
  ],
  "How do you get the keys in sleuthhound": [
    "https://forums2.battleon.com/f/tm.asp?m=17362925",
    "http://aqwwiki.wikidot.com/sleuthhound-inn",
    "https://aqworldswiki.com/w/Skull_Key",
    "http://aqworldscheatsandhints.blogspot.com/2009/06/sleuthhound-inn-walktrough.html",
    "https://graphicgameportal.wordpress.com/2010/08/08/sleuth-hound-quest-guide/",
    "http://www.monx007.com/rpg/aqworlds/sleuthhound_inn/1",
    "http://www.cheatsguru.com/pc/aq_worlds/questions/2129609/",
    "https://www.answers.com/Q/Where_is_the_skull_key_in_sleuthhound_inn",
    "https://books.google.com/books?id=I70pCQAAQBAJ&pg=PT142&lpg=PT142&dq=How+do+you+get+the+keys+in+sleuthhound&source=bl&ots=udJiN379LR&sig=ACfU3U1qUkpdJiyZNEuRFnmU1TTAgY7f_g&hl=en&sa=X&ved=2ahUKEwiG46aZzuDlAhW7yYsBHXp1AyoQ6AEwDHoECBcQAQ",
    "https://books.google.com/books?id=ujcQKXTiZeYC&pg=PA72&lpg=PA72&dq=How+do+you+get+the+keys+in+sleuthhound&source=bl&ots=T1Aus2WCFk&sig=ACfU3U1LesRtWQEaAlJt7pSWB0HIdb0WIQ&hl=en&sa=X&ved=2ahUKEwiG46aZzuDlAhW7yYsBHXp1AyoQ6AEwDXoECBUQAQ"
  ],
  "Where is the largest bridgewho built itwhat kind of bridge is it": [
    "https://www.livescience.com/34448-worlds-longest-bridge.html",
    "https://en.wikipedia.org/wiki/Lake_Pontchartrain_Causeway",
    "https://en.wikipedia.org/wiki/Greenville_Bridge",
    "https://www.usatoday.com/story/travel/destinations/2013/04/28/10-longest-bridges-to-drive-across/2118739/",
    "https://www.bbc.com/news/world-asia-china-45937924",
    "https://www.digitaltrends.com/cool-tech/biggest-bridges-in-the-world/",
    "https://www.telegraph.co.uk/travel/lists/worlds-longest-bridges/",
    "https://www.travelandleisure.com/slideshows/worlds-longest-bridges",
    "https://www.newscientist.com/article/2183290-worlds-longest-sea-bridge-opens-between-hong-kong-and-mainland-china/",
    "http://highestbridges.com/wiki/index.php%3Ftitle=New_River_Gorge_Bridge"
  ],
  "Apakah kraf tangan yang dibuat pada kain songket": [
    "https://en.wikipedia.org/wiki/Songket",
    "https://ms.wikipedia.org/wiki/Songket",
    "http://nazmisyazanikraftangan.blogspot.com/2017/07/4-contoh-kraftangan-di-malaysia.html",
    "https://www.answers.com/Q/Apakah_kraftangan_yang_dibuat_daripada_kain_songket",
    "https://www.hmetro.com.my/hati/2019/04/443379/songket-rajang-mengagumkan",
    "https://www.academia.edu/35991289/Tugasn_kraftangan",
    "https://www.facebook.com/selamanyabatik/posts/keunggulan-batik-songket-dan-kain-tenunan-warisan-dan-kraftangan-melayu-memang-t/286383168063482/",
    "https://www.kraftangan.gov.my/maklumat-kraf/tokoh-kraf/adiguru",
    "https://www.bharian.com.my/hujung-minggu/lain-lain/2019/05/559712/songket-sarawak-pua-karap-seni-unik-bumi-kenyalang",
    "http://www.myjurnal.my/public/article-download.php?id=72364"
  ],
  "Why does a carbonated drink become flat when left open": [
    "https://www.livescience.com/32461-why-do-soft-drinks-go-flat.html",
    "https://www.mentalfloss.com/article/91127/do-carbonated-drinks-go-flat-quicker-their-sides",
    "https://www.quora.com/What-makes-soda-go-flat-even-when-its-sealed",
    "https://indianapublicmedia.org/amomentofscience/fizz-flat-science-soda-pop/",
    "https://food-hacks.wonderhowto.com/how-to/tired-flat-soda-use-trick-keep-two-liter-bottles-soda-fizzy-longer-0145877/",
    "https://www.reddit.com/r/explainlikeimfive/comments/3dpd2d/eli5_why_does_an_open_can_of_coke_zero_go_flat/",
    "https://www.nytimes.com/1981/07/28/science/q-why-does-soda-bubble-after-a-container-of-it-is-opened.html",
    "http://scienceline.ucsb.edu/getkey.php?key=2210",
    "https://www.scientificamerican.com/article/why-does-a-shaken-soda-fi/",
    "https://madison.com/wsj/news/local/ask/curiosities/curiosities-why-does-warm-coke-go-flat-so-much-faster/article_6e44b594-19c0-11e1-a17a-001cc4c002e0.html"
  ],
  "Why sacrifice must environment to achieve development": [
    "https://www.odi.org/blogs/4540-must-developing-countries-sacrifice-growth-save-planet",
    "http://www.chinadaily.com.cn/a/201903/11/WS5c8651f3a3106c65c34edfdf.html",
    "https://www.chinadialogue.net/article/show/single/en/6397-Does-city-growth-have-to-sacrifice-the-environment-",
    "https://www.debate.org/opinions/should-countries-sacrifice-economic-growth-in-favor-of-protecting-the-environment",
    "https://www.theglobeandmail.com/opinion/should-we-sacrifice-the-environment-or-the-economy-neither/article12135766/",
    "https://issuu.com/cisdissuu/docs/do_we_need_to_sacrifice_the_environment_in_favor_o",
    "https://blogs.worldbank.org/climatechange/climate-action-does-not-require-economic-sacrifice",
    "https://debatewise.org/debates/645-is-the-environment-being-sacrificed-for-the-economy/",
    "https://www.theguardian.com/global-development-professionals-network/2016/oct/31/12-ways-environment-development-sectors-work-together-sdgs",
    "https://prezi.com/sode9v3gaxiu/should-people-sacrifice-environment-for-fast-growing-economy/"
  ],
  "How many atoms are contained in eachmolecule of sulfuric acid": [
    "https://www.quora.com/How-many-atoms-are-present-in-2-0-mol-of-sulfuric-acid",
    "https://socratic.org/questions/the-formula-of-sulfuric-acid-is-h-so-4-how-many-atoms-of-hydrogen-sulfur-and-oxy",
    "https://brainly.com/question/1197487",
    "https://quizlet.com/20740930/physical-science-1st-quarter-exam-test-1-flash-cards/",
    "https://www.answers.com/Q/How_many_atoms_are_contained_in_each_molecule_of_sulfuric_acid",
    "https://www.calstatela.edu/sites/default/files/dept/chem/07summer/158/25words-sulfuric.pdf",
    "https://doubtnut.com/question-answers-physics/the-chemical-symbol-for-sulfuric-acid-is-h2so4-how-many-atoms-are-contained-in-each-molecule-of-sulf-547794",
    "https://chemistry.stackexchange.com/questions/82055/calculate-the-number-of-atoms-of-oxygen-present-in-1-3-mol-of-sulfuric-acid",
    "https://brainly.in/question/7747950",
    "http://www.cae.tntech.edu/~snorthrup/chem1110/Quiz5-3.html"
  ],
  "Who is the most famous african american mathmatician": [
    "https://mashupmath.com/blog/famous-african-american-mathematicians",
    "https://famous-mathematicians.com/10-famous-black-mathematicians-and-their-contributions/",
    "https://en.wikipedia.org/wiki/List_of_African-American_mathematicians",
    "http://www.math.buffalo.edu/mad/madgreatest.html",
    "https://www.mathscareers.org.uk/article/five-famous-black-mathematicians/",
    "https://www.mathscareers.org.uk/article/black-heroes-mathematics/",
    "https://www.nytimes.com/2019/02/18/us/edray-goins-black-mathematicians.html",
    "https://www.math.upenn.edu/about/department-history/pioneer-african-american-mathematicians",
    "http://www.jbhe.com/news_views/49_mostcited_blackmathematicians.html",
    "https://blogs.scientificamerican.com/roots-of-unity/the-voices-of-black-mathematicians/"
  ],
  "What kind of cultures do chile have": [
    "https://en.wikipedia.org/wiki/Culture_of_Chile",
    "https://www.adventure-life.com/chile/articles/culture-of-chile",
    "https://www.commisceo-global.com/resources/country-guides/chile-guide",
    "https://www.everyculture.com/Bo-Co/Chile.html",
    "https://www.worldatlas.com/articles/culture-of-chile.html",
    "https://www.kwintessential.co.uk/resources/guide-chile-etiquette-customs-culture-business",
    "https://www.chimuadventures.com/blog/2016/10/culture-customs-chile/",
    "https://culturalatlas.sbs.com.au/chilean-culture/core-concepts-8c9f50e2-9f38-45cb-9af8-301779203f82",
    "http://www.chileculture.org/chile-facts/",
    "https://www.donquijote.org/chilean-culture/"
  ],
  "Gas was used for balloons long time ago": [
    "https://en.wikipedia.org/wiki/Gas_balloon",
    "https://en.wikipedia.org/wiki/Balloon",
    "https://balloonfiesta.com/Gas-Balloons-History",
    "http://www.chem.hawaii.edu/uham/lift.html",
    "https://www.quora.com/Why-is-helium-gas-used-to-fill-balloons-instead-of-hydrogen-gas",
    "https://kids.kiddle.co/Balloon",
    "https://www.thoughtco.com/why-do-helium-balloons-deflate-4101553",
    "http://smallscience.hbcse.tifr.res.in/gases-in-balloons/",
    "https://vistaballoon.com/blog/2014/10/gas-balloon-vs-hot-air-balloons/",
    "https://www.freep.com/story/news/local/michigan/2019/05/08/helium-shortage-balloons-parties-mri/1116242001/"
  ],
  "Can someone infected with syphillis get symptoms a week later": [
    "https://www.plannedparenthood.org/learn/stds-hiv-safer-sex/syphilis/what-are-the-symptoms-of-syphilis",
    "https://www.mayoclinic.org/diseases-conditions/syphilis/symptoms-causes/syc-20351756",
    "https://www.cdc.gov/std/syphilis/stdfact-syphilis.htm",
    "https://www.cdc.gov/std/syphilis/stdfact-syphilis-detailed.htm",
    "https://www.webmd.com/sexual-conditions/understanding-syphilis-symptoms",
    "https://www.webmd.com/sexual-conditions/syphilis",
    "https://www.avert.org/sex-stis/sexually-transmitted-infections/syphilis",
    "https://www.healthline.com/health/std/syphilis",
    "https://www.ndhealth.gov/Disease/Documents/faqs/Syphilis.pdf",
    "https://www.healthline.com/health/syphilis-secondary"
  ],
  "Can dogs eat pomegranite seeds": [
    "https://www.rover.com/blog/can-dog-eat-pomegranate/",
    "https://www.littlethings.com/can-dogs-eat-pomegranate/",
    "https://waggingmongrel.com/can-dogs-eat-pomegranate-seeds/",
    "https://www.petmd.com/blogs/thedailyvet/pmahaney/2013/oct/which-fall-fruits-are-healthiest-for-pets-30994",
    "https://smartdogowners.com/pomegranates/",
    "https://canigivemydog.com/pomegranate",
    "http://petsfoodinfo.com/2017/04/13/can-dogs-eat-pomegranate/",
    "https://canigivemydog.info/can-dogs-eat-pomegranate-seeds-arils/",
    "https://ultimatehomelife.com/can-dogs-eat-pomegranate/",
    "https://www.101dogbreeds.com/article/can-dogs-eat-pomegranate"
  ],
  "Really interesting facts about hernando cortez": [
    "https://www.ducksters.com/biography/explorers/hernan_cortes.php",
    "https://www.thoughtco.com/ten-facts-about-hernan-cortes-2136576",
    "https://www.biography.com/explorer/hernan-cortes",
    "https://www.landofthebrave.info/hernando-cortes-facts.htm",
    "https://learnodo-newtonic.com/hernan-cortes-facts",
    "https://factsking.com/historical-people/hernan-cortes-facts/",
    "https://www.history.com/topics/exploration/hernan-cortes",
    "http://www.softschools.com/facts/biography/hernan_cortes_facts/3552/",
    "http://www.famous-explorers-facts.com/Famous-Spanish-Explorers-Facts/Spanish-Explorer-Hernando-Cortes-Facts.html",
    "https://www.britannica.com/biography/Hernan-Cortes"
  ],
  "What language ia used in greece": [
    "https://en.wikipedia.org/wiki/Languages_of_Greece",
    "https://www.worldatlas.com/articles/what-language-do-they-speak-in-greece.html",
    "https://www.tripadvisor.com/ShowTopic-g189398-i192-k3337183-How_much_Greek_do_I_need_to_speak_1st_visit-Greece.html",
    "https://www.tripsavvy.com/essential-things-to-know-about-greece-1526338",
    "https://www.britannica.com/topic/Greek-language",
    "https://languageknowledge.eu/countries/greece",
    "https://www.graphicmaps.com/greece/languages",
    "https://www.quora.com/What-language-is-spoken-in-Athens-Greece",
    "https://www.justlanded.com/english/Greece/Greece-Guide/Language/Language",
    "https://www.greeka.com/greece-culture/language/"
  ],
  "Who is the most famous artist in guatemala": [
    "https://theculturetrip.com/central-america/guatemala/articles/7-artists-from-guatemala-you-should-know/",
    "https://www.hachettebookgroup.com/travel/arts-culture/culture-in-guatemala-literature-visual-art-architecture-and-music/",
    "https://www.anywhere.com/guatemala/travel-guide/music-and-art",
    "https://en.wikipedia.org/wiki/Category:Guatemalan_artists",
    "https://www.britannica.com/biography/Carlos-Merida",
    "http://www.artemaya.com/gall.html",
    "https://www.pinterest.com/pin/412009065882280768/",
    "https://www.last.fm/tag/guatemala/artists",
    "https://www.lonelyplanet.com/guatemala/background/other-features/f1339cdb-0665-48e4-8872-a89f2e64f68e/a/nar/f1339cdb-0665-48e4-8872-a89f2e64f68e/358403",
    "http://en.classora.com/reports/c218226/who-are-the-best-guatemalan-painters-in-history"
  ],
  "What are some fun sex games": [
    "https://www.bellesa.co/collective/article?id=166/12-amazing-sex-games-to-play-as-a-couple-youre-welcome-",
    "https://www.redbookmag.com/love-sex/sex/advice/g693/fun-games-to-play-in-bed/",
    "https://www.cosmopolitan.com/sex-love/g3801/naughty-sex-games/",
    "https://www.juiceboxit.com/blog/fun-sex-games",
    "https://www.fatherly.com/love-money/sex-games-play-with-partner/",
    "https://www.brides.com/story/best-sex-games-for-couples",
    "https://www.yourtango.com/experts/sean-jameson/fun-sex-games",
    "https://mashable.com/article/foreplay-apps/",
    "https://www.marriage.com/advice/physical-intimacy/marriage-intimacy-hot-sex-games-you-need-to-try-tonight/",
    "https://www.everydayhealth.com/sexual-health/9-sexy-games-spice-up-your-relationship/"
  ],
  "How does an elephant attract its mate": [
    "https://www.elephant-world.com/elephant-reproduction/",
    "https://sciencing.com/elephants-mate-4574022.html",
    "https://science.jrank.org/pages/2423/Elephant-Mating.html",
    "https://www.quora.com/What-is-the-mating-rituals-for-elephants-Are-elephants-monogamous",
    "https://slate.com/human-interest/2014/01/how-do-adult-male-elephants-interact-with-other-elephants.html",
    "https://www.sciencedirect.com/science/article/pii/0003347289900687",
    "http://factsanddetails.com/asian/cat68/sub431/item2471.html",
    "https://www.smithsonianmag.com/science-nature/how-male-elephants-bond-64316480/",
    "https://www.ncbi.nlm.nih.gov/pubmed/9835364",
    "https://www.ncbi.nlm.nih.gov/pmc/articles/PMC2850927/"
  ],
  "How many calories in cooked beef": [
    "https://www.healthline.com/nutrition/foods/beef",
    "https://www.nutritionix.com/food/beef-cooked",
    "https://www.eatthismuch.com/food/nutrition/fully-cooked-beef,464741/",
    "https://www.myfitnesspal.com/food/calories/boiled-beef-meat-boiled-beef-meat-707321983",
    "https://www.fitbit.com/foods/Beef+Chuck+Top+Blade+Boiled+Lean+Only/82985",
    "http://www.caloriegallery.com/foods/calories-in-cooked-boneless-thin-top-sirloin-steak.htm",
    "https://nutritiondata.self.com/facts/beef-products/6206/2",
    "https://nutritiondata.self.com/facts/beef-products/6197/2",
    "https://www.fatsecret.com/calories-nutrition/generic/ground-beef-regular-cooked",
    "https://www.fatsecret.com/calories-nutrition/generic/beef-cooked-ns-as-to-fat-eaten"
  ],
  "How many years do you need to go to college to be a cop": [
    "https://golawenforcement.com/articles/how-long-does-it-take-to-become-a-police-officer/",
    "https://classifieds.usatoday.com/blog/careers/8-requirements-become-police-officer/",
    "https://www.sapling.com/7736068/many-years-school-become-cop",
    "http://www.collegequest.com/how-to-become-a-police-officer.aspx",
    "https://www.learnhowtobecome.org/police-officer/",
    "https://www.policeofficer.education/how-long-does-it-take-to-become-a-police-officer/",
    "https://www.criminaljusticedegreeschools.com/criminal-justice-careers/police-officer/",
    "https://work.chron.com/long-train-cop-21366.html",
    "https://www.howtobecome.com/police-officer-2",
    "https://www.thebalancecareers.com/are-you-qualified-to-be-a-police-officer-974805"
  ]
}