{
  "How do you replace coolant thermostat": [
    "https://www.howacarworks.com/cooling-systems/how-to-replace-a-car-thermostat",
    "https://www.wikihow.com/Replace-a-Thermostat",
    "https://mechanicbase.com/coolant/thermostat-symptoms/",
    "https://www.familyhandyman.com/project/car-care-how-to-replace-a-thermostat/",
    "https://shop.advanceautoparts.com/r/car-projects/how-to-replace-a-vehicle-thermostat",
    "https://www.dummies.com/article/home-auto-hobbies/automotive/car-repair-maintenance/general-car-repair-maintenance/how-to-replace-your-vehicles-thermostat-206418/",
    "https://www.wikihow.com/Replace-a-Thermostat-in-a-Car",
    "https://knowhow.napaonline.com/know-how-notes-cooling-system-thermostat-replacement-tips/",
    "https://axleaddict.com/auto-repair/How-to-Replace-a-Thermostat",
    "https://www.youtube.com/watch?v=2r0ZfPukgEQ"
  ],
  "How is library science vand information science related": [
    "https://www.emerald.com/insight/content/doi/10.1108/DTA-07-2020-0167/full/html",
    "https://en.wikipedia.org/wiki/Outline_of_library_and_information_science",
    "https://ischool.uw.edu/programs/mlis/what-is-library-science",
    "https://guides.loc.gov/library-science/introduction",
    "https://www.youtube.com/watch?v=pfP7AjwIZI8",
    "https://informationmatters.org/2023/08/library-and-information-science-explained-and-embodied-in-5-minutes/",
    "https://www.collegefactual.com/majors/library-science/library-information-science/related-majors/",
    "https://www.usnews.com/education/best-graduate-schools/articles/what-library-science-is-and-how-to-become-a-librarian",
    "https://open.umn.edu/opentextbooks/textbooks/1433",
    "https://en.wikipedia.org/wiki/Library_and_information_scientist"
  ],
  "Which phase is the non dividing stage": [
    "https://bio.libretexts.org/Bookshelves/Genetics/Online_Open_Genetics_(Nickle_and_Barrette-Ng)/02%3A_Chromosomes_Mitosis_and_Meiosis/2.04%3A_The_Cell_Cycle_and_Changes_in_DNA_Content",
    "https://www.khanacademy.org/science/ap-biology/cell-communication-and-cell-cycle/cell-cycle/a/phases-of-mitosis",
    "https://www.thoughtco.com/stages-of-mitosis-373534",
    "http://www.biology.arizona.edu/cell_bio/tutorials/cell_cycle/cells2.html",
    "https://en.wikipedia.org/wiki/Mitosis",
    "https://bio.libretexts.org/Bookshelves/Human_Biology/Book%3A_Human_Biology_(Wakim_and_Grewal)/07%3A_Cell_Reproduction/7.2%3A_Cell_Cycle_and_Cell_Division",
    "https://www.khanacademy.org/science/high-school-biology/hs-reproduction-and-cell-division/hs-the-cell-cycle-and-mitosis/a/hs-the-cell-cycle-and-mitosis-review",
    "https://bio.libretexts.org/Bookshelves/Introductory_and_General_Biology/Book:_General_Biology_(Boundless)/10:_Cell_Reproduction/10.02:_The_Cell_Cycle/10.2B:_The_Mitotic_Phase_and_the_G0_Phase",
    "https://biologydictionary.net/interphase/",
    "https://www.khanacademy.org/science/ap-biology/cell-communication-and-cell-cycle/cell-cycle/a/cell-cycle-phases"
  ],
  "How much has michael vick worth after release from prison": [
    "https://en.wikipedia.org/wiki/Michael_Vick",
    "https://www.msn.com/en-us/sports/nfl/michael-vick-was-one-of-the-highest-paid-nfl-players-then-his-fortune-nosedived-what-s-his-net-worth-now/ar-AA1hG56S",
    "https://www.sportskeeda.com/nfl/michael-vick-net-worth-and-salary",
    "https://fanbuzz.com/nfl/michael-vick-net-worth/",
    "https://www.grunge.com/367176/how-michael-vick-ended-up-with-no-money/",
    "https://www.espn.com/nfl/story/_/id/6826625/with-michael-vick-successfully-returning-time-prison-teams-took-chance-plaxico-burress",
    "https://www.celebritynetworth.com/richest-athletes/nfl/michael-vick-net-worth/",
    "https://www.business2community.com/sports/michael-vick-paid-nearly-18-million-debt-since-prison-release-01100815",
    "https://www.npr.org/sections/thetwo-way/2011/08/30/140060853/-100-million-six-year-deal-for-michael-vick",
    "https://www.sportscasting.com/michael-vick-called-on-a-wealthy-celebrity-friend-to-help-him-get-out-of-17-6-million-worth-of-debt/"
  ],
  "How can you get rid of dog fleas": [
    "https://www.webmd.com/pets/remedies-for-fleas",
    "https://www.rspca.org.uk/adviceandwelfare/pets/general/fleas",
    "https://www.nytimes.com/wirecutter/guides/how-to-get-rid-of-fleas/",
    "https://www.webmd.com/pets/remove-fleas-from-pet",
    "https://www.akc.org/expert-advice/health/how-to-get-rid-of-fleas/",
    "https://www.petmd.com/dog/general-health/how-to-handle-fleas-on-dogs",
    "https://www.healthline.com/health/healthy-home-guide/how-to-get-rid-of-fleas",
    "https://betterpet.com/how-to-get-rid-of-fleas-naturally/",
    "https://www.thesprucepets.com/how-to-get-rid-of-fleas-4690890",
    "https://www.petmd.com/dog/general-health/flea-infestation-guide-how-kill-and-get-rid-fleas"
  ],
  "This is the third largest oceans": [
    "https://www.usatoday.com/story/news/2022/12/13/what-is-largest-ocean-on-earth/8191191001/",
    "https://oceanliteracy.unesco.org/the-largest-ocean/",
    "https://www.americanoceans.org/facts/biggest-oceans-and-seas/",
    "https://www.thoughtco.com/geography-of-the-worlds-oceans-1435193",
    "https://www.cia.gov/the-world-factbook/about/archives/2022/oceans/indian-ocean/",
    "https://oceaninfo.com/list/largest-oceans-and-seas/",
    "https://largest.org/nature/oceans/",
    "https://www.cia.gov/the-world-factbook/oceans/indian-ocean/",
    "https://www.worldatlas.com/articles/the-oceans-of-the-world-by-size.html",
    "https://www.livescience.com/29533-the-worlds-biggest-oceans-and-seas.html"
  ],
  "What is kristen steawerts brothers name": [
    "https://www.famousbirthdays.com/people/cameron-stewart.html",
    "https://en.wikipedia.org/wiki/Kristen_Stewart",
    "https://www.bustle.com/articles/66146-does-kristen-stewart-have-any-siblings-shes-grew-up-with-a-band-of-brothers",
    "https://www.imdb.com/name/nm0829576/",
    "https://vergewiki.com/taylor-stewart",
    "https://www.youtube.com/watch?v=ay2H_8VyFg0",
    "https://ecelebritymirror.com/celebrity-siblings/kristen-stewart-siblings/",
    "https://starschanges.com/kristen-stewart/",
    "https://www.imdb.com/name/nm0829576/bio/",
    "https://tvshowstars.com/kristen-stewart-siblings/"
  ],
  "What type of relief is the coastal plains": [
    "https://www.vedantu.com/geography/relief-landform",
    "https://nittygrittyscience.com/textbooks/mapping-earths-surface/section-1-exploring-earths-surface/",
    "https://geographyrevisionalevel.weebly.com/2b1c-rocky-coasts-and-coastal-plains.html",
    "https://link.springer.com/referenceworkentry/10.1007/3-540-31060-6_56",
    "https://www.nationalgeographic.org/encyclopedia/coastal-plain/",
    "https://media.nationalgeographic.org/assets/reference/assets/coastal-plain-4.pdf",
    "https://www.nps.gov/subjects/geology/coastal-landforms.htm",
    "https://www.britannica.com/science/coastal-landform",
    "https://www.britannica.com/place/Coastal-Plains-region-North-America",
    "http://geology.blogs.wm.edu/coastal-plain/"
  ],
  "What do the word anteroposterior means": [
    "https://medical-dictionary.thefreedictionary.com/anteroposterior",
    "https://www.merriam-webster.com/medical/anteroposterior",
    "https://www.thefreedictionary.com/anteroposterior",
    "https://www.collinsdictionary.com/dictionary/english/anteroposteriorly",
    "https://en.wiktionary.org/wiki/anteroposterior",
    "https://en.wikipedia.org/wiki/Anatomical_terms_of_location",
    "https://www.collinsdictionary.com/dictionary/english/anteroposterior",
    "https://www.rxlist.com/anteroposterior_ap/definition.htm",
    "https://www.yourdictionary.com/anteroposterior",
    "https://www.rxlist.com/anteroposterior/definition.htm"
  ],
  "Does selena gomez have verizon wireless for her cell phone": [
    "https://topclassactions.com/lawsuit-settlements/consumer-products/cellphones/verizon-class-action-claims-iphone-promo-scam/",
    "https://www.youtube.com/watch?v=ii3fkqiCFAU",
    "https://talesfromthecollection.com/2022/06/09/selena-gomez/",
    "https://people.com/music/selena-gomez-didnt-have-phone-during-break",
    "https://graziamagazine.com/articles/selena-gomez-no-phone-three-months/",
    "https://www.ispot.tv/ad/Alpv/verizon-play-it-again-four-lines-featuring-selena-gomez",
    "https://www.billboard.com/music/pop/selena-gomez-verizon-commercial-kill-em-with-kindness-7431191/#!",
    "https://hellogiggles.com/selena-gomez-cell-phone/",
    "https://www.verizon.com/about/news/biggest-names-helping",
    "https://www.yahoo.com/lifestyle/selena-gomez-learned-not-using-000325223.html"
  ],
  "What is winston churchills big achievements": [
    "https://www.history.com/topics/european-history/winston-churchill",
    "https://winstonchurchill.org/resources/reference/chart-of-achievements/",
    "https://www.bbc.co.uk/newsround/31043477",
    "https://winstonchurchill.org/resources/reference/churchills-chart-of-achievements/",
    "https://en.wikipedia.org/wiki/Winston_Churchill",
    "https://www.britannica.com/biography/Winston-Churchill",
    "https://www.nobelprize.org/laureate/624",
    "https://worldhistoryedu.com/6-major-achievements-of-winston-churchill/",
    "https://worldhistoryedu.com/the-life-and-achievements-of-sir-winston-churchill/",
    "https://learnodo-newtonic.com/winston-churchill-accomplishments"
  ],
  "What is the value of a 1988 barbie collectible": [
    "https://www.txantiquemall.com/holiday-barbies-worth/",
    "https://www.securcareselfstorage.com/blog/how-much-are-holiday-barbies-worth/",
    "https://www.worthpoint.com/dictionary/p/toys-dolls-games-puzzles/dolls/barbie-dolls",
    "https://www.invaluable.com/blog/vintage-barbie-dolls/",
    "https://www.barbiedb.com/",
    "https://www.lovetoknow.com/home/antiques-collectibles/value-collectible-barbie-dolls",
    "https://toyshnip.com/blogs/blogs/barbie-collector-price-guide",
    "https://www.ebay.com/sch/i.html?_nkw=barbie+1988&_sop=12",
    "https://www.txantiquemall.com/value-of-collectible-barbie-dolls/",
    "https://www.ebay.com/b/1988-Holiday-Barbie-Dolls-Doll-Playsets/262346/bn_95103330"
  ],
  "Who does sleaner gomez love": [
    "https://www.seventeen.com/celebrity/celebrity-couples/a27033836/selena-gomez-dating/",
    "https://www.distractify.com/p/who-is-selena-gomez-dating",
    "https://www.eonline.com/news/1325384/selena-gomez-confirms-her-relationship-status-while-debuting-new-hairstyle",
    "https://www.elle.com/culture/celebrities/a40824879/selena-gomez-andrea-iervolino-dating/",
    "https://people.com/music/selena-gomez-dating-history/",
    "https://www.elle.com/culture/celebrities/a45361358/selena-gomez-dating-history/",
    "https://people.com/emmy-awards-2023-selena-gomez-benny-blanco-make-their-official-couple-debut-at-show-8430503",
    "https://www.cnn.com/2023/12/08/entertainment/selena-gomez-relationship-benny-blanco-intl-scli/index.html",
    "https://people.com/music/selena-gomez-the-weeknd-relationship-timeline/",
    "https://www.elle.com/culture/celebrities/a42532449/who-is-drew-taggart-the-chainsmokers/"
  ],
  "How many books selling online": [
    "https://www.statista.com/statistics/282808/number-of-independent-bookstores-in-the-us/",
    "https://www.forbes.com/advisor/business/how-to-sell-books-online/",
    "https://www.zippia.com/advice/us-book-industry-statistics/",
    "https://wordsrated.com/book-sales-statistics/",
    "https://wordsrated.com/online-book-sales-statistics/",
    "https://smartdataweek.com/article/29-book-sales-statistics-facts-and-trends-in-2023",
    "https://www.bookweb.org/btw-topics/industry-statistics",
    "https://scanse.io/blog/ebooks-vs-printed-books-statistics-sales-trends/",
    "https://eliteauthors.com/blog/book-sales-statistics/",
    "https://www.statista.com/topics/1474/e-books/"
  ],
  "How much anderson shelters cost in ww2": [
    "https://www.bbc.co.uk/history/ww2peopleswar/stories/29/a1125929.shtml",
    "https://andersonshelters.org.uk/",
    "https://en.wikipedia.org/wiki/Air_raid_shelter",
    "https://ww2db.com/weapon.php?q=368",
    "https://www.bbc.co.uk/history/ww2peopleswar/stories/62/a3953162.shtml",
    "https://andersonshelters.org.uk/a-history-of-the-anderson-shelter/",
    "https://www.theguardian.com/world/2018/aug/21/how-britains-abandoned-anderson-shelters-are-being-brought-back-to-life",
    "https://historyforkids.org/anderson-shelter-facts-and-information/",
    "https://www.historyhit.com/facts-about-anderson-shelters/",
    "https://primaryfacts.com/506/anderson-shelter-facts/"
  ],
  "What is an exzmple of soliloquy": [
    "https://www.masterclass.com/articles/poetry-101-what-is-a-soliloquy-learn-the-difference-between-soliloquy-monologue-and-an-aside-with-examples",
    "https://www.thoughtco.com/soliloquy-literary-definition-4169546",
    "https://writingexplained.org/grammar-dictionary/soliloquy",
    "https://www.merriam-webster.com/dictionary/soliloquy",
    "https://liberalarts.oregonstate.edu/wlf/what-soliloquy-definition-and-examples",
    "https://poemanalysis.com/literary-device/soliloquy/",
    "https://www.yourdictionary.com/articles/examples-soliloquy-purpose-drama",
    "https://www.wix.com/wordsmatter/blog/2020/12/what-is-a-soliloquy/",
    "https://literarydevices.net/soliloquy/",
    "https://www.litcharts.com/literary-devices-and-terms/soliloquy"
  ],
  "Who invented first electirc stove and when": [
    "https://www.cbsnews.com/news/almanac-the-first-electric-stove/",
    "https://stoveadvice.com/when-were-electric-stoves-invented/",
    "https://interestingengineering.com/innovation/the-history-behind-the-15-kitchen-appliances-that-changed-the-way-we-live",
    "https://www.smithsonianmag.com/arts-culture/cooking-through-the-ages-a-timeline-of-oven-inventions-380050/",
    "https://en.wikipedia.org/wiki/Lloyd_Groff_Copeman",
    "https://www.nytimes.com/2017/06/12/business/general-electric-history-of-innovation.html",
    "https://www.thoughtco.com/history-of-the-oven-from-cast-iron-to-electric-1992212",
    "https://www.edinformatics.com/inventions_inventors/electric_stove.htm",
    "https://en.wikipedia.org/wiki/Kitchen_stove",
    "https://nationalmaglab.org/magnet-academy/history-of-electricity-magnetism/museum/electric-range-1892/"
  ],
  "What kind of cells make electricity from light": [
    "https://www.science.org.au/curious/technology-future/solar-pv",
    "https://www.energysage.com/solar/solar-photovoltaic-cells/",
    "https://www.nature.com/scitable/topicpage/cell-energy-and-cell-functions-14024533/",
    "https://serc.carleton.edu/integrate/teaching_materials/energy_sustain/student_materials/creating_electr.html",
    "https://www.energy.gov/eere/solar/solar-photovoltaic-cell-basics",
    "https://www.explainthatstuff.com/how-photoelectric-cells-work.html",
    "https://letstalkscience.ca/educational-resources/backgrounders/generating-electricity-solar-cells",
    "https://www.explainthatstuff.com/solarcells.html",
    "https://www.britannica.com/technology/solar-cell",
    "https://www.iberdrola.com/innovation/photovoltaic-photoelectric-cells"
  ],
  "Advantages and disadvantages of a bank": [
    "https://www.businessinsider.com/personal-finance/why-bank-local",
    "https://www.thebalancemoney.com/types-of-bank-accounts-315458",
    "https://www.investopedia.com/articles/pf/11/benefits-and-drawbacks-of-internet-banks.asp",
    "https://efinancemanagement.com/financial-management/advantages-and-disadvantages-of-banks",
    "https://www.reviewjournal.com/business/6-pros-and-cons-of-traditional-banks/",
    "https://www.thebalancemoney.com/the-pros-and-cons-of-banks-vs-credit-unions-4077714",
    "https://www.usnews.com/banking/articles/pros-and-cons-of-online-banking",
    "https://www.fool.com/the-ascent/banks/articles/the-biggest-pros-and-cons-of-online-banks/",
    "https://www.nerdwallet.com/article/small-business/advantages-disadvantages-business-bank-loan",
    "https://www.investopedia.com/financial-edge/1211/why-you-should-stick-with-the-big-banks.aspx"
  ],
  "What is the difference between an electrician and an electrical engineer": [
    "https://www.indeed.com/career-advice/finding-a-job/electrician-vs-electrical-engineer",
    "https://electronicshacks.com/electrician-vs-electrical-engineer/",
    "https://jobs.newscientist.com/article/electrical-engineer-vs-electrician",
    "https://www.neit.edu/blog/electrician-vs-electrical-engineer",
    "https://uk.indeed.com/career-advice/finding-a-job/electrician-vs-electrical-engineer",
    "https://careers.alot.com/career-paths/electrician-vs-electrical-engineer-whats-the-difference--9072",
    "https://ca.indeed.com/career-advice/finding-a-job/electrician-vs-electrical-engineer",
    "https://www.tradifyhq.com/blog/electrician-vs-electrical-engineer",
    "https://www.indeed.com/career-advice/finding-a-job/electrical-engineering-vs-electrician",
    "https://yourcareersupport.com/electrician-vs-electrical-engineer/"
  ],
  "What is the sequence to obtain a DNA fingerprint": [
    "https://biologywise.com/dna-fingerprinting-process",
    "https://www.genome.gov/genetics-glossary/DNA-Fingerprinting",
    "https://study.com/learn/lesson/dna-fingerprinting-steps-uses.html",
    "https://bio.libretexts.org/Learning_Objects/Laboratory_Experiments/General_Biology_Labs/Unfolding_the_Mystery_of_Life_-_Biology_Lab_Manual_for_Non-Science_Majors_(Genovesi_Blinderman_and_Natale)/11%3A_Protein_Gel_Electrophoresis/11.02%3A_DNA_Fingerprinting",
    "https://bio.libretexts.org/Bookshelves/Microbiology/Microbiology_Laboratory_Manual_(Hartline)/01%3A_Labs/1.32%3A_DNA_Fingerprinting",
    "https://www.webmd.com/a-to-z-guides/dna-fingerprinting-overview",
    "https://biologydictionary.net/dna-fingerprinting/",
    "https://www.britannica.com/science/DNA-fingerprinting",
    "https://microbeonline.com/dna-fingerprinting/",
    "http://www.sciencegateway.org/resources/biologytext/rdna/fingerprint.html"
  ],
  "Where is nadia comasneci 's academy the perfect ten": [
    "https://www.msn.com/en-us/sports/tennis/hot-mama-nadia-comanecis-celebratory-dance-for-2024-receives-admiration-from-chris-evert/ar-AA1mo7gW",
    "https://www.vogue.com/article/nadia-comaneci-vogueing",
    "http://www.bartconnergymnastics.com/index.php?about-nadia-comaneci",
    "https://www.bustle.com/articles/177062-where-is-nadia-comaneci-now-life-since-the-olympic-gymnasts-historic-perfect-10-has-been-full",
    "https://en.wikipedia.org/wiki/Nadia_Com%C4%83neci",
    "https://www.youtube.com/watch?v=eBrwQ7-I6t8",
    "https://www.biography.com/athletes/nadia-comaneci",
    "https://fanbuzz.com/olympics/nadia-comaneci-now/",
    "https://www.eurosport.com/olympics/essential-stories/2021/the-essential-olympic-stories-nadia-comaneci-s-odyssey-and-the-perfect-10_sto8359474/story.shtml",
    "https://olympics.com/en/news/snapped-reflections-and-revelations-on-comaneci-s-perfect-10"
  ],
  "One pound of confectioners sugar equals how many ounces": [
    "https://coolconversion.com/cooking-weight-volume/1%7Elb%7Eof%7Econfectioner%C2%B4s+sugar%7Eto%7Ecup",
    "https://www.bhg.com/recipes/how-to/bake/how-many-cups-in-one-pound-of-sugar/",
    "https://coolconversion.com/cooking-volume-weight/1%7Ecup%7Eof%7Econfectioner%C2%B4s+sugar%7Eto%7Eounce",
    "https://www.traditionaloven.com/culinary-arts/sugars/confectioners-sugar/convert-pound-lb-confectioner-sugar-to-ounce-oz-confectioner-sugar.html",
    "https://www.dominosugar.com/baking-tips-how-tos/measurement-and-conversion-charts",
    "https://bakeitwithlove.com/cups-in-a-box-of-powdered-sugar/",
    "https://www.bhg.com/recipes/how-to/bake/cups-in-one-pound-powdered-sugar/",
    "https://theteadetective.com/sugar/1-lb-of-confectioners-sugar-equals-how-many-cups.html",
    "https://www.bakinglikeachef.com/baking-ingredient-conversions/",
    "https://coolconversion.com/cooking-weight-volume/one%7Epound%7Eof%7Econfectioner%C2%B4s+sugar%7Eto%7Ecup"
  ],
  "What skills are needed to become a surgeon to be successful": [
    "https://www.sgu.edu/blog/medical/essential-qualities-for-becoming-a-surgeon/",
    "https://www.facs.org/for-medical-professionals/education/programs/so-you-want-to-be-a-surgeon/section-i-surgical-traits/",
    "https://www.verywellhealth.com/how-to-become-a-doctor-or-a-surgeon-3157309",
    "https://www.forbes.com/advisor/education/become-a-surgeon/",
    "https://www.indeed.com/career-advice/finding-a-job/skills-of-a-surgeon",
    "https://futuredoctor.ai/should-i-be-a-surgeon/",
    "https://resumecat.com/career/surgeon/skills",
    "https://www.rcseng.ac.uk/careers-in-surgery/careers-support/skills-and-qualities-of-a-surgeon/",
    "https://www.indeed.com/career-advice/finding-a-job/reasons-to-become-surgeon",
    "https://www.facs.org/for-medical-professionals/news-publications/news-and-articles/bulletin/2018/04/excellence-in-surgery-becoming-the-best-you-can-be/"
  ],
  "How much does a 1996 chevy lumina weigh": [
    "https://www.edmunds.com/chevrolet/lumina/1996/sedan/st-17335/features-specs/",
    "https://en.wikipedia.org/wiki/Chevrolet_Lumina",
    "https://www.kbb.com/chevrolet/lumina/1996/",
    "https://www.automobile-catalog.com/make/chevrolet_usa/lumina_2gen/lumina_2gen_sedan/1996.html",
    "https://www.kbb.com/chevrolet/lumina/1996/specs/",
    "https://www.kbb.com/chevrolet/lumina-passenger/1996/specs/",
    "https://www.edmunds.com/chevrolet/lumina/1996/features-specs/",
    "https://www.ultimatespecs.com/car-specs/Chevrolet/4770/1996-Chevrolet-Lumina-II-31i.html",
    "https://www.edmunds.com/chevrolet/lumina/1996/st-17335/features-specs/",
    "https://www.cars.com/research/chevrolet-lumina-1996/"
  ],
  "The precipitaion of a cougar": [
    "https://www.nationalgeographic.com/animals/mammals/facts/cougar",
    "https://www.nationalgeographic.com/animals/article/cougars-mule-deer-climate-urban-area",
    "https://cougarfund.org/our-work/science-conservation/",
    "https://animalsake.com/cougar-mountain-lion-habitat",
    "https://mountainlion.org/cougars-and-climate/",
    "https://www.forestwildlife.org/how-does-a-cougar-adapt-to-its-environment/",
    "https://www.nwf.org/Educational-Resources/Wildlife-Guide/Mammals/Mountain-Lion",
    "https://mountainlion.org/2015/03/26/linking-a-cougar-decline-trophic-cascade-and-catastrophic-regime-shift-in-zion/",
    "https://en.wikipedia.org/wiki/Cougar",
    "https://animalia.bio/cougar"
  ],
  "What are the Functions of proteins to the body": [
    "https://medlineplus.gov/genetics/understanding/howgeneswork/protein/",
    "https://www.sciencelearn.org.nz/resources/209-role-of-proteins-in-the-body",
    "https://www.hsph.harvard.edu/nutritionsource/what-should-you-eat/protein/",
    "https://www.verywellhealth.com/what-does-protein-do-8419502",
    "https://www.verywellhealth.com/what-is-a-protein-5076292",
    "https://med.libretexts.org/Courses/Metropolitan_State_University_of_Denver/Introduction_to_Nutrition_(Diker)/06%3A_Proteins/6.05%3A_Proteins_Functions_in_the_Body",
    "https://www.ncbi.nlm.nih.gov/books/NBK555990/",
    "https://bio.libretexts.org/Bookshelves/Introductory_and_General_Biology/Book%3A_General_Biology_(Boundless)/03%3A_Biological_Macromolecules/3.07%3A_Proteins_-_Types_and_Functions_of_Proteins",
    "https://www.healthline.com/nutrition/functions-of-protein",
    "https://www.eufic.org/en/whats-in-food/article/what-are-proteins-and-what-is-their-function-in-the-body"
  ],
  "How much did the vietnam war cost per day": [
    "https://www.digitalhistory.uh.edu/disp_textbook.cfm?smtID=2&psid=3468",
    "https://alphahistory.com/vietnamwar/costs-of-the-vietnam-war/",
    "https://www.usatoday.com/story/money/2019/06/13/cost-of-war-13-most-expensive-wars-in-us-history/39556983/",
    "https://sgp.fas.org/crs/natsec/RS22926.pdf",
    "https://thevietnamwar.info/how-much-vietnam-war-cost/",
    "https://www.history.com/topics/vietnam-war/vietnam-war-history",
    "https://www.statista.com/topics/10008/us-war-in-vietnam/",
    "https://www.history.navy.mil/research/library/online-reading-room/title-list-alphabetically/c/costs-major-us-wars.html",
    "https://www.britannica.com/event/Vietnam-War",
    "https://www.thebalancemoney.com/vietnam-war-facts-definition-costs-and-timeline-4154921"
  ],
  "Largest living life on earth": [
    "https://en.wikipedia.org/wiki/Largest_organisms",
    "https://www.treehugger.com/largest-living-things-organisms-planet-4859216",
    "https://www.scientificamerican.com/article/strange-but-true-largest-organism-is-fungus/",
    "https://www.discovery.com/nature/Giant-Mushroom-Largest-Organism-Ever",
    "https://www.newscientist.com/gallery/biggest-organisms/",
    "https://www.thoughtco.com/biggest-living-things-on-earth-4070240",
    "https://www.discovery.com/nature/the-largest-living-thing-on-earth-is-a-3-5-square-mile-fungus",
    "https://www.britannica.com/video/185607/living-organisms-survey-representatives-plant-Earth-kingdoms",
    "https://www.worldatlas.com/articles/what-is-the-largest-living-thing-in-the-world.html",
    "https://www.deseret.com/utah/2021/8/15/22609608/worlds-largest-and-possibly-oldest-living-organism-resides-in-utah-aspens"
  ],
  "The twinkling of stars is caused by": [
    "https://www.livescience.com/32315-why-do-stars-twinkle.html",
    "https://science.howstuffworks.com/why-do-stars-twinkle.htm",
    "https://record.umich.edu/articles/mystery-of-twinkling-stars-explained/",
    "https://skyandtelescope.org/astronomy-resources/why-do-stars-twinkle/",
    "https://www.vedantu.com/physics/why-do-stars-twinkle",
    "https://starwalk.space/en/news/why-do-stars-twinkle",
    "https://starchild.gsfc.nasa.gov/docs/StarChild/questions/question26.html",
    "https://www.khanacademy.org/science/optics-essentials/x0484cce4552ac2a3:how-telescopes-and-microscopes-work/x0484cce4552ac2a3:why-does-a-straw-look-bent-in-water/v/why-do-stars-twinkle-but-planets-dont",
    "https://en.wikipedia.org/wiki/Twinkling",
    "https://study.com/learn/lesson/scintillation-twinkling-stars.html"
  ],
  "What kind of music is listened toin costa rica": [
    "https://www.donquijote.org/costarican-culture/traditions/music/",
    "https://explorecostarica.org/traditional-music-and-dance-a-cultural/",
    "https://www.costarica.com/culture/costa-rican-music",
    "https://www.govisitcostarica.com/travelInfo/culture/costa-rica-music.asp",
    "https://ticotravel.com/the-music-of-costa-rica/",
    "http://costarica-information.com/about-costa-rica/art-history/costa-rica-art/music",
    "https://costarica.org/people/music/",
    "https://www.sanjosecostarica.com/music-in-costa-rica-traditional-and-modern/",
    "https://www.benvaughn.com/the-popular-music-genres-of-costa-rica/",
    "https://worldmusiccentral.org/world-music-resources/musician-biographies/costa-rican-music/"
  ],
  "Width of a football field in yards": [
    "https://en.wikipedia.org/wiki/American_football_field",
    "https://athlonsports.com/college-football/how-long-football-field",
    "https://www.sportsfeelgoodstories.com/football-field-dimensions-size-diagram/",
    "https://thatsportlife.com/how-many-yards-is-a-football-field/",
    "https://www.rookieroad.com/football/questions/how-many-yards-wide-is-a-field/",
    "https://apexsports.io/football-field-dimensions/",
    "https://turftank.com/us/academy/how-big-is-a-football-field/",
    "https://www.stack.com/a/the-dimensions-of-a-football-field/",
    "https://americansportsplanet.com/dimensions-of-a-football-field-all-you-need-to-know/",
    "https://www.dimensions.com/element/american-football-field"
  ],
  "What is revolution of the sun": [
    "https://www.space.com/58-the-sun-formation-facts-and-characteristics.html",
    "https://www.space.com/does-the-sun-rotate",
    "https://science.nasa.gov/sun/facts/",
    "https://science.nasa.gov/learn/basics-of-space-flight/chapter2-1/",
    "https://www.astronomy.com/science/when-did-we-realize-that-the-earth-orbits-the-sun/",
    "https://nasaeclips.arc.nasa.gov/video/ourworld/our-world-suns-position",
    "https://en.wikipedia.org/wiki/Solar_rotation",
    "https://www.britannica.com/video/151528/Earth-rotation-axis-revolution-Sun",
    "https://en.wikipedia.org/wiki/Earth%27s_orbit",
    "https://www.thoughtco.com/revolution-geography-definition-1434848"
  ],
  "How do snakes adapt to there enviornment": [
    "https://primaryhomeworkhelp.co.uk/adaptations/snakes.htm",
    "https://environment.des.qld.gov.au/wildlife/animals/living-with/snakes/importance",
    "https://www.atlasobscura.com/articles/garter-snakes-oregon-climate-change",
    "https://phys.org/news/2020-05-sea-snakes-underwater-million-years.html",
    "https://sciencing.com/snakes-adapt-forest-8701682.html",
    "https://allanimalsguide.com/how-do-snakes-adapt-to-their-environment/",
    "https://faunafacts.com/snakes/snake-adaptations/",
    "https://www.snakesforpets.com/how-do-snakes-adapt-to-the-desert/",
    "https://zoonerdy.com/how-do-snakes-adapt-to-their-environment/",
    "https://www.motherjones.com/environment/2021/04/what-26000-snakes-can-teach-us-about-climate-change/"
  ],
  "Lil wayne 's favorite type of movie": [
    "https://www.tvguide.com/celebrities/lil-wayne/credits/3030057363/",
    "https://www.imdb.com/name/nm1211443/",
    "https://www.lilwaynehq.com/filmography/",
    "https://www.rottentomatoes.com/celebrity/1135309-lil_wayne",
    "https://www.ranker.com/list/best-lil-wayne-movies-list-of-lil-wayne-films/reference",
    "https://www.imdb.com/filmosearch/?sort=year&role=nm1211443",
    "https://celebrityinside.com/music/rapper-lil-wayne-favorite-movie-color-cars-number-biography/",
    "https://www.mtv.com/news/0fo44z/lil-wayne-favorite-movie-of-2012-so-far",
    "https://www.xxlmag.com/22-rappers-favorite-movie-interview/",
    "https://en.wikipedia.org/wiki/Lil_Wayne"
  ],
  "Where to get legendary pokemon on tppcrpg": [
    "https://bulbapedia.bulbagarden.net/wiki/TPPC",
    "https://pixelmonmod.com/wiki/Legendary_Pokemon",
    "https://tpkrpg.net/forums/view_thread.php?id=4034",
    "https://wiki.tppc.info/Training_Accounts",
    "https://forums.tppc.info/showthread.php?t=149516",
    "https://wiki.tppc.info/Legendary_Pok%C3%A9mon",
    "https://www.tppcrpg.net/",
    "https://forums.tppc.info/showthread.php?t=570421",
    "https://wiki.tppc.info/TPPC_Wiki",
    "https://www.reddit.com/r/tppcrpg/"
  ],
  "What is moon jelly a radial or bilateral": [
    "https://www.americanoceans.org/species/moon-jelly/",
    "https://www.montereybayaquarium.org/animals/animals-a-to-z/moon-jelly",
    "https://oceanfauna.com/moon-jellyfish/",
    "https://manoa.hawaii.edu/exploringourfluidearth/biological/invertebrates/structure-and-function",
    "https://oceanconservancy.org/blog/2022/01/03/moon-jellyfish/",
    "https://animaldiversity.org/accounts/Aurelia_aurita/",
    "https://en.wikipedia.org/wiki/Aurelia_aurita",
    "https://animaldiversity.org/accounts/Aurelia_labiata/",
    "https://www.thoughtco.com/moon-jellyfish-4692397",
    "https://indianapublicmedia.org/amomentofscience/the-radical-radial-summetry-of-moon-jellyfish.php"
  ],
  "Does she love corbin blu": [
    "https://people.com/celebrity/corbin-bleu-and-sasha-clements-are-married/",
    "https://heavy.com/entertainment/hallmark/corbin-bleu-wife/",
    "https://people.com/celebrity/corbin-bleu-wedding-photos/",
    "https://www.hitc.com/en-gb/2021/12/04/are-corbin-bleu-and-monique-coleman-married/",
    "https://culturess.com/2021/07/31/interview-hallmark-channel-corbin-bleu-love-for-real/",
    "https://people.com/tv/who-is-sasha-clements-corbin-bleu/",
    "https://www.etonline.com/news/193996_corbin_bleu_marries_longtime_love_sasha_clements",
    "https://www.eonline.com/news/1354229/see-the-moment-corbin-bleu-met-future-wife-sasha-in-the-grocery-store",
    "https://www.thelist.com/675579/inside-monique-coleman-and-corbin-bleus-relationship/",
    "https://www.the-sun.com/entertainment/4232407/who-is-corbin-bleu-married-to/"
  ],
  "What is grammatical cohesion": [
    "https://www.sciencedirect.com/science/article/pii/S1877042814002936",
    "https://academicmarker.com/academic-guidance/vocabulary/cohesive-devices/what-are-the-four-types-of-grammatical-cohesion/",
    "https://americanenglish.state.gov/files/ae/resource_files/etf_55_4_02-13_-_title__improving_cohesion_in_l2_writing__a_three-strand_approach_to_building_lexical_cohesion__0.pdf",
    "https://en.wikipedia.org/wiki/Cohesion_(linguistics)",
    "https://files.eric.ed.gov/fulltext/EJ1101750.pdf",
    "https://is.muni.cz/el/fss/podzim2020/CJVA101/99340132/Cohesion_in_Academic_Writing.pdf",
    "https://documents.uow.edu.au/content/groups/public/@web/@stsv/@ld/documents/doc/uow195609.pdf",
    "https://www.teachingenglish.org.uk/professional-development/teachers/knowing-subject/c/cohesion",
    "https://eltconcourse.com/training/initial/grammar_essentials/cohesion_essentials.html",
    "https://aeo.sllf.qmul.ac.uk/writing/cohesion-and-coherence/"
  ],
  "What family does a lizard come from": [
    "https://basicbiology.net/animal/reptiles/lizards",
    "https://www.britannica.com/animal/lizard/Annotated-classification",
    "https://kids.britannica.com/kids/article/lizard/353393",
    "https://animalcorner.org/animals/lizards/",
    "https://en.wikipedia.org/wiki/Gecko",
    "https://www.britannica.com/animal/lizard",
    "https://www.britannica.com/animal/gecko",
    "https://animals.sandiegozoo.org/animals/lizard",
    "https://a-z-animals.com/animals/lizard/",
    "https://www.livescience.com/56017-lizard-facts.html"
  ],
  "How much do event planners make yearly": [
    "https://money.usnews.com/careers/best-jobs/meeting-convention-and-event-planner/salary",
    "https://www.salary.com/research/salary/recruiting/event-planner-salary",
    "https://www.indeed.com/career-advice/pay-salary/how-much-do-event-planners-make",
    "https://www.thimble.com/blog/how-much-do-event-planners-make",
    "https://www.socialtables.com/blog/event-planning/how-much-do-event-planners-make/",
    "https://www.careerexplorer.com/careers/event-planner/salary/",
    "https://builtin.com/salaries/marketing/event-planner",
    "https://www.glassdoor.com/Salaries/event-planner-salary-SRCH_KO0,13.htm",
    "https://www.indeed.com/career/event-planner/salaries",
    "https://www.payscale.com/research/US/Job=Event_Planner/Salary"
  ],
  "What did the person that invented the first motor bike look like": [
    "https://www.topspeed.com/motorcycles/motorcycle-news/who-invented-motorcycles-the-story-of-the-first-motorcycle/",
    "https://www.rideapart.com/features/264790/ask-rideapart-what-was-the-first-motorcycle-ever-built/",
    "https://en.wikipedia.org/wiki/History_of_the_motorcycle",
    "https://science.howstuffworks.com/innovation/inventions/first-motorcycle.htm",
    "https://twomotion.net/2019/history-of-motorcycles-1885-until-1955/",
    "https://ridersturf.com/history-of-motorcycle-invention/",
    "https://www.thoughtco.com/history-of-the-motorcycle-1992151",
    "http://www.bicyclehistory.net/motorcycle-history/first-motorcycle/",
    "https://www.the-sun.com/news/3439422/who-invented-first-motorcycle/",
    "https://www.cardosystems.com/blog/the-history-of-the-motorcycle/"
  ],
  "What are some cloven hooved animals": [
    "https://a-z-animals.com/reference/cloven-hoofed/",
    "https://en.wikipedia.org/wiki/Hoof",
    "https://classroom.synonym.com/what-animals-have-cloven-hooves-chew-their-cud-12083996.html",
    "https://www.thoughtco.com/even-toed-hoofed-mammals-130019",
    "https://wildlifeinformer.com/animals-with-hooves/",
    "https://faunafacts.com/animals/animals-with-cloven-hooves/",
    "https://wildlifeboss.com/animals-with-cloven-hooves/",
    "https://animalsresearch.com/cloven-hoofed-animals/",
    "https://animalofthings.com/animals-with-cloven-hooves/",
    "https://faunafacts.com/animals/animals-with-hooves/"
  ],
  "1963 five dollar bill with red serial numbers": [
    "https://parrisislandmuseum.com/1963-5-dollar-bill-value-a-mint-mark/",
    "https://www.papermoneywanted.com/1963-five-dollar-legal-tender-or-united-states-notes",
    "https://www.coinvaluelookup.com/how-much-is-a-1963-5-bill-worth/",
    "https://www.allnumis.com/banknotes-catalog/united-states-of-america/series-of-1963-united-states-notes/5-dollars-1963-4266",
    "https://nedluddpdx.com/rare-1963-5-dollar-bill-value/",
    "https://www.coinvaluechecker.com/how-much-is-1963-5-dollar-bill-worth/",
    "https://en.numista.com/catalogue/note201830.html",
    "https://oldcurrencyvalues.com/red_seal_five_dollar_bills/",
    "https://www.apmex.com/product/17311/1963-5-00-u-s-note-red-seal-vg-vf-fr1536",
    "https://www.valuableuscoins.com/1963-5-dollar-bill-value/"
  ],
  "How do you get rid of acene fast": [
    "https://www.healthline.com/nutrition/13-acne-remedies",
    "https://www.healthline.com/nutrition/get-rid-of-pimples-fast",
    "https://www.glamour.com/story/how-to-get-rid-of-a-pimple",
    "https://www.verywellhealth.com/how-to-get-rid-of-pimples-7853364",
    "https://www.mayoclinic.org/diseases-conditions/acne/diagnosis-treatment/drc-20368048",
    "https://www.aad.org/public/diseases/acne/skin-care/tips",
    "https://www.wikihow.com/Get-Rid-of-Acne-Fast",
    "https://health.clevelandclinic.org/a-dermatologists-advice-on-how-to-get-rid-of-a-pimple",
    "https://www.aad.org/public/diseases/acne/DIY/wont-clear",
    "https://www.medicalnewstoday.com/articles/322455"
  ],
  "What is a moderately slow oven": [
    "https://www.apronfreecooking.com/hints-and-tips/oven-temperature-chart/",
    "https://www.livestrong.com/article/438575-how-to-slow-cook-in-the-oven/",
    "https://www.bakinglikeachef.com/oven-temperature-conversion-chart/",
    "https://www.womensweeklyfood.com.au/foodie-facts/oven-temperature-conversions-1314/",
    "https://www.newidea.com.au/oven-temperature",
    "https://www.realsimple.com/food-recipes/cooking-tips-techniques/best-oven-temperature",
    "https://cookathome.info/oven-temperature-conversion/",
    "https://www.homemade-dessert-recipes.com/oven-temperature-guide.html",
    "https://recipes.net/articles/oven-temperature-conversion/",
    "https://www.inspiredtaste.net/23326/oven-temperature-conversion/"
  ],
  "Are Lea and cory dating": [
    "https://news.amomama.com/292564-timeline-lea-michele-cory-monteiths-pass.html",
    "https://toofab.com/2023/12/20/kevin-mchale-reveals-why-started-lea-michele-cory-monteith-dating-rumor/",
    "https://www.eonline.com/news/1361520/cory-monteiths-friend-reflects-on-glee-stars-relationship-with-lea-michele",
    "https://www.buzzfeed.com/ashleyperez/a-timeline-of-cory-monteith-and-lea-micheles-relationship",
    "https://www.lifeandstylemag.com/posts/lea-michele-and-cory-monteiths-relationship-timeline-started-on-glee/",
    "https://www.j-14.com/posts/cory-monteith-and-lea-michele-complete-relationship-timeline/",
    "https://www.nickiswift.com/672718/the-truth-about-lea-michele-and-cory-monteiths-relationship/",
    "https://people.com/celebrity/cory-monteith-and-lea-michele-were-they-engaged/",
    "https://www.eonline.com/news/1391868/glees-kevin-mchale-reveals-surprising-way-he-learned-lea-michele-cory-monteith-were-dating-irl",
    "https://www.thelist.com/952614/the-truth-about-cory-monteiths-relationship-with-lea-michele/"
  ],
  "What are some commensasm relationships": [
    "https://sciencestruck.com/examples-of-commensalism",
    "https://www.thoughtco.com/commensalism-definition-and-examples-4114713",
    "https://sciencing.com/commensalism-definition-types-facts-examples-13719235.html",
    "https://bio.libretexts.org/Courses/Evergreen_Valley_College/Introduction_to_Ecology_(Kappus)/08%3A_Species_Interactions_in_Communities/8.04%3A_Commensalism_and_Mutualism",
    "https://wildlifeinformer.com/examples-of-commensalism-relationships/",
    "https://sciencenotes.org/commensalism-definition-and-examples/",
    "https://www.biologyonline.com/dictionary/commensalism",
    "https://en.wikipedia.org/wiki/Commensalism",
    "https://biologydictionary.net/commensalism/",
    "https://www.britannica.com/science/commensalism"
  ],
  "Where are the Black Hills located": [
    "https://en.wikipedia.org/wiki/Black_Hills_National_Forest",
    "https://www.travelsouthdakota.com/trip-ideas/story/14-surprising-facts-about-south-dakotas-black-hills-and-badlands",
    "https://www.blackhillsbadlands.com/maps",
    "https://morethanjustparks.com/black-hills-national-forest/",
    "https://www.the-black-hills.com/the-black-hills/where-are-the-black-hills-located/",
    "https://www.fs.usda.gov/blackhills",
    "https://www.moon.com/travel/trip-ideas/geography-geology-black-hills/",
    "https://www.britannica.com/place/Black-Hills",
    "https://www.blackhillsbadlands.com/",
    "https://www.blackhillsvacations.com/plan-your-visit/black-hills-maps/"
  ],
  "What caused worldwide economic crisis": [
    "https://www.investopedia.com/terms/g/great-recession.asp",
    "https://www.britannica.com/money/topic/financial-crisis-of-2007-2008",
    "https://www.investopedia.com/articles/economics/09/financial-crisis-review.asp",
    "https://news.un.org/en/story/2021/06/1093182",
    "https://www.history.com/topics/21st-century/recession",
    "https://www.brookings.edu/articles/the-global-financial-crisis-causes-and-consequences/",
    "https://www.nytimes.com/2021/03/16/business/economy/fed-2020-financial-crisis-covid.html",
    "https://www.un.org/development/desa/dpad/publication/world-economic-situation-and-prospects-february-2021-briefing-no-146/",
    "https://www.britannica.com/money/topic/great-recession",
    "https://www.weforum.org/agenda/2020/09/an-economist-explains-what-covid-19-has-done-to-the-global-economy/"
  ],
  "Where does a snowstorm less likely happen": [
    "https://en.wikipedia.org/wiki/Winter_storm",
    "https://www.climate.gov/news-features/climate-qa/are-record-snowstorms-proof-global-warming-isn%E2%80%99t-happening",
    "https://www.cnn.com/2023/11/25/weather/snowfall-temperatures-climate-change-water/index.html",
    "https://www.npr.org/2024/01/08/1223525948/us-severe-weather-winter-storm-blizzard",
    "https://www.cnn.com/2023/11/03/weather/us-snowfall-maps-el-nino-winter-climate/index.html",
    "https://scied.ucar.edu/learning-zone/storms/blizzards",
    "https://nsidc.org/learn/parts-cryosphere/snow/science-snow",
    "https://www.nssl.noaa.gov/education/svrwx101/winter/",
    "https://www.cnn.com/2022/01/03/weather/snow-forecast-map/index.html",
    "https://scied.ucar.edu/learning-zone/storms/winter-storms"
  ],
  "Class action lawsuit": [
    "https://www.forbes.com/advisor/legal/personal-injury/how-start-class-action-lawsuit/",
    "https://www.abcactionnews.com/money/consumer/taking-action-for-you/class-action-lawsuit-targets-lg-and-kenmore-refrigerator-makers-customers-complain-about-failing-compressors",
    "https://www.consumer-action.org/lawsuits/by-status/open",
    "https://www.classaction.org/list-of-lawsuits",
    "https://www.thebalancemoney.com/what-is-a-class-action-lawsuit-3623787",
    "https://topclassactions.com/category/lawsuit-settlements/open-lawsuit-settlements/",
    "https://www.classaction.com/lawsuits/",
    "https://www.cnn.com/2024/01/05/tech/verizon-class-action-settlement-claim/index.html",
    "https://www.reuters.com/legal/legalindustry/column-verizons-100-million-settlement-gets-thumbs-down-lawyers-10000-customers-2024-01-22/",
    "https://www.classaction.com/"
  ],
  "Stratified random sampling": [
    "https://www.simplypsychology.org/stratified-random-sampling.html",
    "https://en.wikipedia.org/wiki/Stratified_sampling",
    "https://corporatefinanceinstitute.com/resources/data-science/stratified-random-sampling/",
    "https://www.scribbr.co.uk/research-methods/stratified-sampling-method/",
    "https://researchmethod.net/stratified-sampling/",
    "https://dovetail.com/research/stratified-sampling/",
    "https://www.investopedia.com/terms/stratified_random_sampling.asp",
    "https://www.scribbr.com/methodology/stratified-sampling/",
    "https://statisticsbyjim.com/basics/stratified-sampling/",
    "https://www.statisticshowto.com/probability-and-statistics/sampling-in-statistics/stratified-random-sample/"
  ],
  "Number of quarters in a roll": [
    "https://coins.thefuntimesguide.com/coin-rolls/",
    "https://greenlight.com/learning-center/fun-facts/how-many-dimes-in-a-roll",
    "https://moneywise.com/banking/banking-basics/how-to-roll-coins",
    "https://www.thesprucecrafts.com/number-of-coins-in-roll-768862",
    "https://sdbullion.com/blog/how-many-quarters-in-a-roll",
    "https://www.uscoinsvalue.com/how-many-quarters-in-a-roll/",
    "https://michaelryanmoney.com/how-many-quarters-in-a-roll/",
    "https://learn.apmex.com/answers/how-many-coins-are-in-a-standard-u-s-roll/",
    "https://www.gainesvillecoins.com/blog/how-many-coins-are-in-a-coin-roll",
    "https://thesilverpicker.com/how-many-coins-are-in-a-roll/"
  ],
  "Who was in spains first government": [
    "https://www.britannica.com/place/Spain",
    "https://apnews.com/article/spain-politics-elections-government-feijoo-sanchez-parliament-d0af5b48cbda261eca087ff80ce63b84",
    "https://apnews.com/article/spain-politics-feijoo-sanchez-government-amnesty-catalonia-951db293e8ebecae566e1f826e89df80",
    "https://www.madridmetropolitan.com/la-pepa-spains-first-constitution/",
    "https://en.wikipedia.org/wiki/Politics_of_Spain",
    "https://www.britannica.com/place/Spain/Government-and-society",
    "https://en.wikipedia.org/wiki/Government_of_Spain",
    "https://www.bbc.com/news/world-europe-17955805",
    "https://encyclopedia.1914-1918-online.net/article/spain",
    "https://www.britannica.com/place/Spain/History"
  ],
  "What si social darwinism": [
    "https://www.oxfordbibliographies.com/abstract/document/obo-9780199756384/obo-9780199756384-0166.xml",
    "https://www.britannica.com/topic/social-Darwinism",
    "https://www.encyclopedia.com/history/united-states-and-canada/us-history/social-darwinism",
    "https://www.cambridge.org/core/books/cambridge-encyclopedia-of-darwin-and-evolutionary-thought/social-darwinism/7BC77FE554764FE89290EE0697BAA6D0",
    "https://link.springer.com/referenceworkentry/10.1007/978-3-319-47829-6_137-1",
    "https://www.simplypsychology.org/social-darwinism.html",
    "https://www.merriam-webster.com/dictionary/social%20Darwinism",
    "https://www.khanacademy.org/humanities/us-history/the-gilded-age/gilded-age/a/social-darwinism-in-the-gilded-age",
    "https://en.wikipedia.org/wiki/Social_Darwinism",
    "https://www.history.com/topics/early-20th-century-us/social-darwinism"
  ],
  "Persecution of the christian church": [
    "https://www.christianitytoday.com/news/2023/january/christian-persecution-2023-countries-open-doors-watch-list.html",
    "https://www.liberty.edu/champion/2022/12/new-statistics-on-growing-persecution-against-christians/",
    "https://cmsedit.cbn.com/cbnnews/world/2024/january/a-shocking-rise-in-church-attacks-the-most-horrific-places-in-the-world-for-christian-persecution",
    "https://www.christianpost.com/news/christians-faced-record-level-of-violent-attacks-in-2023-report.html",
    "https://www.christianitytoday.com/news/2021/january/christian-persecution-2021-countries-open-doors-watch-list.html",
    "https://www.persecution.org/news/",
    "https://www.americamagazine.org/faith/2023/08/23/christian-persecution-martyrs-nigeria-pakistan-india-245782",
    "https://www.theguardian.com/world/2021/jan/13/christian-persecution-rises-as-people-refused-aid-in-covid-crisis-report",
    "https://www.vaticannews.va/en/church/news/2024-01/anti-christian-persecution-on-the-rise-according-to-open-doors.html",
    "https://www.persecution.org/2023/11/02/icc-releases-2023-persecutors-of-the-year-report/"
  ],
  "Where does saltwater sponges live": [
    "https://www.thoughtco.com/sponges-profile-2291833",
    "https://oceaninfo.com/animals/sea-sponge/",
    "https://oceanservice.noaa.gov/facts/sponge.html",
    "https://animals.net/sea-sponge/",
    "https://www.algaebarn.com/blog/saltwater-aquariums/sponges/sponges-in-the-marine-aquarium/",
    "https://manoa.hawaii.edu/exploringourfluidearth/biological/invertebrates/phylum-porifera",
    "https://a-z-animals.com/animals/sponge/",
    "https://u.osu.edu/eeob3320/category/sponges/",
    "https://en.wikipedia.org/wiki/Sponge",
    "https://bio.libretexts.org/Bookshelves/Introductory_and_General_Biology/Book%3A_Introductory_Biology_(CK-12)/11%3A_Invertebrates/11.04%3A_Sponges"
  ],
  "The photic zone has an maximum depth of": [
    "https://www.encyclopedia.com/science/encyclopedias-almanacs-transcripts-and-maps/photic-zone-0",
    "https://opentextbc.ca/physicalgeology2ed/wp-content/uploads/sites/298/2019/08/Physical-Geology-2nd-Edition-Chapter-18-Geology-of-the-Oceans.pdf",
    "https://geo.libretexts.org/Bookshelves/Geology/Physical_Geology_(Earle)/18%3A_Geology_of_the_Oceans/18.01%3A_The_Topography_of_the_Sea_Floor",
    "https://bio.libretexts.org/Bookshelves/Introductory_and_General_Biology/Introductory_Biology_(CK-12)/06%3A_Ecology/6.11%3A_Aquatic_Biomes",
    "https://oceanservice.noaa.gov/facts/light_travel.html",
    "https://www.britannica.com/science/photic-zone",
    "https://k12.libretexts.org/Bookshelves/Science_and_Technology/Earth_Science/09%3A_Earth's_Oceans/9.03%3A_Ocean_Zones",
    "https://sciencing.com/lives-photic-zone-8235174.html",
    "https://sciencestruck.com/helpful-guide-to-understand-photic-zone",
    "https://www.sciencedirect.com/topics/earth-and-planetary-sciences/photic-zone"
  ],
  "Blue and pink make what": [
    "https://www.enchantedlearning.com/art/Colormixing.shtml",
    "https://thecolorsmeaning.com/what-color-blue-pink-make-mixed/",
    "https://www.colorpsychology.org/what-color-do-blue-and-pink-make-when-mixed/",
    "https://www.color-meanings.com/what-color-blue-pink-make-mixed/",
    "https://www.color-meanings.com/color-mixing-guide/",
    "https://www.canva.com/colors/color-wheel/",
    "https://artincontext.org/what-color-does-blue-and-pink-make/",
    "https://colorscombo.com/what-color-does-blue-and-pink-make/",
    "https://www.drawingwars.com/what-does-blue-and-pink-make",
    "https://iheartcraftythings.com/what-color-does-pink-blue-make.html"
  ],
  "What are the various irrigation practices in the villages": [
    "https://www.nationalgeographic.org/encyclopedia/irrigation/",
    "https://www.districtgov.org/departments/utilities/irrigation.aspx",
    "https://www.usgs.gov/special-topics/water-science-school/science/irrigation-methods-a-quick-look",
    "https://en.wikipedia.org/wiki/Irrigation",
    "https://www.yelp.com/search?cflt=irrigation&find_loc=The+Villages%2C+FL+32162",
    "https://www.yelp.com/search?cflt=irrigation&find_loc=The+Villages%2C+FL",
    "https://www.villagescommunity.com/news/-what-are-the-current-watering-guidelines",
    "https://www.talkofthevillages.com/forums/landscape-talk-129/watering-schedule-320894/",
    "https://www.researchgate.net/publication/355194184_Indigenous_Irrigation_Practices",
    "https://www.talkofthevillages.com/forums/villages-florida-general-discussion-73/lawn-irrigation-questions-317456/"
  ],
  "How do you care for newborn pitbull pups": [
    "https://www.youtube.com/watch?v=P1V3DopE0us",
    "https://pethelpful.com/dogs/pit-bull-puppies-from-birth-to-six-weeks",
    "https://pitbulls.org/article/guide-stages-pit-bull-puppy-development",
    "https://www.petmd.com/general-health/dog/caring-newborn-puppies",
    "https://zimpitbulls.com/how-to-care-for-newborn-pitbull-puppies/",
    "https://petsleeks.com/pitbull-baby/",
    "https://www.akc.org/expert-advice/dog-breeding/raising-newborn-puppies/",
    "https://www.pawtracks.com/dogs/care-for-pitbull-puppy/",
    "https://petventuresbook.com/blogs/dog-breeds/owners-guide-to-pitbull-puppies",
    "https://www.wikihow.com/Take-Care-of-a-Pitbull-Puppy"
  ],
  "10 common defects characteristics in timber": [
    "https://civilseek.com/defects-in-timber/",
    "https://www.thelumbershack.com/pages/wood-characteristics-and-common-defects",
    "https://www.davidstimber.com.au/resource-centre/wood-defects/",
    "https://www.versacetimbers.com.au/types-of-wood-defects/",
    "https://civiltoday.com/civil-engineering-materials/timber/85-defects-in-timber-types-and-reasons",
    "https://theconstructor.org/building/types-of-defects-in-timber/21521/",
    "https://www.decks.com/how-to/articles/common-wood-defects-types-causes-of-lumber-issues",
    "https://www.woodworkingnetwork.com/best-practices-guide/solid-wood-machining/understanding-working-wood-defects",
    "https://markslumber.us/blog/common-defects-to-consider-in-timber-grading",
    "https://www.thelumbershack.com/blogs/news/a-guide-to-the-common-wood-defects-lumber-shack"
  ],
  "What are chinas important landmarks": [
    "https://www.destguides.com/china/china-landmarks-famous-landmarks-in-china-visual-story",
    "https://www.travelchinaguide.com/cityguides/famous-landmarks.htm",
    "https://www.chinahighlights.com/travelguide/article/historical-sites.htm",
    "https://www.jonesaroundtheworld.com/famous-landmarks-in-china/",
    "https://www.chinahighlights.com/travelguide/article-china-landmarks.htm",
    "https://theadventurousfeet.com/china-landmarks-most-beautiful-places-in-china/",
    "https://www.destguides.com/china/china-landmarks-famous-landmarks-in-china",
    "https://thetripgoeson.com/china-landmarks/",
    "https://thetravelscribes.com/landmarks-in-china/",
    "https://inspiredbymaps.com/famous-landmarks-of-china/"
  ],
  "What are utahs four largest cities": [
    "https://worldpopulationreview.com/states/cities/utah",
    "https://wasatchmovingco.com/blog/largest-cities-in-utah/",
    "https://www.homesnacks.com/cities/cities-in-utah/",
    "https://www.ksl.com/article/50223253/census-data-utahs-new-top-10-most-populated-cities--and-other-emerging-places",
    "https://www.biggestuscities.com/ut/2020",
    "https://www.biggestuscities.com/ut",
    "https://www.worldatlas.com/cities/10-largest-cities-in-utah.html",
    "https://www.utah-demographics.com/cities_by_population",
    "https://a-z-animals.com/blog/discover-the-largest-cities-in-utah-by-population-total-area-and-economic-impact/",
    "https://www.lavidanomad.com/biggest-cities-in-utah/"
  ],
  "What are two powers that the legislative branch has": [
    "https://constitutioncenter.org/education/constitution-101-curriculum/7-the-legislative-branch-how-congress-works",
    "https://www.house.gov/the-house-explained/branches-of-government",
    "https://constitutioncenter.org/the-constitution/articles/article-i",
    "https://www.history.com/topics/us-government-and-politics/three-branches-of-government",
    "https://www.history.com/topics/us-government-and-politics/legislative-branch",
    "https://www.britannica.com/study/legislative-branch",
    "https://www.whitehouse.gov/about-the-white-house/our-government/the-legislative-branch/",
    "https://www.thoughtco.com/the-legislative-branch-of-us-government-3322299",
    "https://www.law.cornell.edu/constitution/articlei",
    "https://classroom.synonym.com/what-powers-does-the-legislative-branch-have-12082815.html"
  ],
  "Branches on every division of philosophy": [
    "https://leverageedu.com/blog/branches-of-philosophy/",
    "https://philosophybreak.com/what-is-philosophy-definition-4-core-branches/",
    "https://overtimephilosophy.com/branches-of-philosophy-your-comprehensive-guide-to-the-main-ones/",
    "https://www.worldatlas.com/philosophy/what-are-the-major-branches-of-philosophy.html",
    "https://en.wikibooks.org/wiki/Introduction_to_Philosophy/The_Branches_of_Philosophy",
    "https://en.wikipedia.org/wiki/Outline_of_philosophy",
    "https://www.thecollector.com/what-are-the-branches-of-philosophy/",
    "https://libguides.francis.edu/c.php?g=182116&p=1199480",
    "https://philosophy.lander.edu/intro/what.html",
    "https://philosophy.lander.edu/intro/what.shtml"
  ],
  "What do the people in lebanon speak": [
    "https://en.wikipedia.org/wiki/Lebanese_Arabic",
    "https://www.worldatlas.com/articles/the-culture-of-lebanon.html",
    "https://theculturetrip.com/middle-east/lebanon/articles/10-customs-only-lebanese-people-will-understand",
    "https://www.commisceo-global.com/resources/country-guides/lebanon-guide",
    "https://howwidelyspoken.com/what-language-do-they-speak-in-lebanon/",
    "https://en.wikipedia.org/wiki/Languages_of_Lebanon",
    "https://www.worldatlas.com/articles/what-languages-are-spoken-in-lebanon.html",
    "https://www.studycountry.com/guide/LB-language.htm",
    "https://talkinarabic.com/levantine/what-language-is-spoken-in-lebanon/",
    "https://en.wikipedia.org/wiki/Lebanese_people"
  ],
  "What is the reason for the novel The Da Vinci Code": [
    "https://bookanalysis.com/dan-brown/the-da-vinci-code/",
    "https://www.nbcnews.com/id/wbna7491383",
    "https://www.bbc.co.uk/programmes/articles/5nD9yKRX1SyhRdP0ZX95qm7/the-strange-true-story-behind-the-da-vinci-code",
    "https://biblearchaeology.org/research/contemporary-issues/3997-the-historical-basis-of-dan-browns-the-da-vinci-code",
    "https://bookanalysis.com/dan-brown/the-da-vinci-code/review/",
    "https://www.sparknotes.com/lit/davincicode/",
    "https://bookanalysis.com/dan-brown/the-da-vinci-code/summary/",
    "https://www.supersummary.com/the-da-vinci-code/summary/",
    "https://www.sparknotes.com/lit/davincicode/summary/",
    "https://www.sparknotes.com/lit/davincicode/facts/"
  ],
  "How many millimeter in one liter": [
    "https://www.convertworld.com/en/volume/litre/l-to-ml.html",
    "https://www.metric-conversions.org/volume/liters-to-milliliters.htm",
    "https://unitconverters.org/1-liters-to-milliliters",
    "https://whatisconvert.com/1-liters-in-milliliters",
    "https://www.calculateme.com/volume/liters/to-milliliters/1",
    "https://www.unitconverters.net/volume/l-to-ml.htm",
    "https://www.asknumbers.com/liter-to-milliliter.aspx",
    "https://www.calculatorology.com/how-many-ml-in-a-liter/",
    "https://www.thecalculatorsite.com/conversions/liquidvolume/milliliters-to-liters.php",
    "http://convertwizard.com/convert-liters-to-millimeters"
  ],
  "What language do people speak in Angola": [
    "https://www.britannica.com/place/Angola",
    "https://www.worldatlas.com/articles/what-languages-are-spoken-in-angola.html",
    "https://www.justlanded.com/english/Angola/Angola-Guide/Language/Languages-in-Angola",
    "https://www.wikiwand.com/en/Languages_of_Angola",
    "https://www.cia.gov/the-world-factbook/countries/angola/",
    "https://www.unicef.org/esa/sites/unicef.org.esa/files/2018-09/UNICEF-2016-Language-and-Learning-Angola.pdf",
    "https://en.wikipedia.org/wiki/Angola",
    "https://www.commisceo-global.com/resources/country-guides/angola-guide",
    "https://www.getblend.com/blog/languages-of-angola/",
    "https://www.britannica.com/place/Angola/People"
  ],
  "How can you delete your millsberry": [
    "https://www.businessinsider.in/tech/how-to/how-to-delete-your-youtube-channel-and-permanently-erase-its-content-or-temporarily-hide-it/articleshow/80471367.cms",
    "https://www.facebook.com/help/250563911970368/?helpref=hc_fnav",
    "https://www.businessinsider.com/guides/streaming/how-to-delete-youtube-channel",
    "https://www.change.org/p/general-mills-bring-back-millsberry-2020",
    "https://www.youtube.com/watch?v=YsrgCdEATTc",
    "https://www.salon.com/2022/11/07/revisiting-millsberry-the-wild-rise-and-fall-of-general-mills-virtual-cereal-themed-town/",
    "https://millsberry.fandom.com/wiki/Hop-N-Drop",
    "https://clean.email/have-you-been-pwned/how-to-delete-digital-footprint",
    "https://millsberry.fandom.com/wiki/Millsberry",
    "https://gameslikefinder.com/article/gaming-archive-millsberry/"
  ],
  "Would be a key to preventing future genocide": [
    "https://www.ids.ac.uk/news/what-can-be-done-to-prevent-genocide/",
    "https://en.wikipedia.org/wiki/Genocide_prevention",
    "https://www.un.org/en/genocideprevention/prevention.shtml",
    "https://www.ushmm.org/genocide-prevention/blog/international-response-to-prevent-future-genocides",
    "https://earlywarningproject.ushmm.org/reports/countries-at-risk-for-mass-killing-2022-23-early-warning-project-statistical-risk-assessment-results",
    "https://www.unesco.org/en/articles/critical-thinking-and-learning-about-past-are-key-preventing-future-genocides",
    "https://www.un.org/en/genocideprevention/15th-anniversary.shtml",
    "https://www.un.org/en/genocideprevention/",
    "https://theconversation.com/genocide-why-a-focus-on-prevention-would-produce-a-better-outcome-110993",
    "https://news.un.org/en/story/2023/01/1132792"
  ],
  "How many teaspoons in one half ounce liquid": [
    "https://calculator-converter.com/teaspoons-to-ounces.htm",
    "https://www.inchcalculator.com/convert/fluid-ounce-to-teaspoon/",
    "https://www.calculateme.com/volume/fluid-ounces/to-teaspoons/1",
    "https://www.inchcalculator.com/convert/ounce-to-teaspoon/",
    "https://www.unitconverters.net/volume/fluid-ounce-us-to-teaspoon-us.htm",
    "https://ezunitconverter.com/volume/ounce/teaspoon/1%7C2",
    "https://www.calculatorology.com/ounce-to-teaspoon/",
    "https://www.asknumbers.com/ounces-to-teaspoon.aspx",
    "https://www.calculateme.com/volume/fluid-ounces/to-teaspoons/",
    "https://www.inchcalculator.com/convert/teaspoon-to-fluid-ounce/"
  ],
  "What are some cheerleading facts": [
    "https://kidadl.com/facts/interesting-cheerleading-facts-you-didn-t-know-about-this-sport",
    "https://about.proquest.com/en/blog/2019/10-facts-about-cheerleading/",
    "https://www.factretriever.com/cheerleading-facts",
    "https://facts.net/general/19-fun-facts-about-cheerleading/",
    "https://facts.net/lifestyle/sports/13-facts-about-cheerleading/",
    "https://blog-staging.omnicheer.com/post/did-you-know-10-facts-about-cheerleading/",
    "https://www.britannica.com/sports/cheerleading",
    "https://www.lovetoknow.com/life/lifestyle/cheerleading-facts",
    "https://www.rookieroad.com/cheerleading/list-cheerleading-facts-2135996/",
    "https://www.liveabout.com/cheerleading-history-4080643"
  ],
  "When is the coast guard day celebrated": [
    "https://afd.defense.gov/History/Coast-Guard-Day/",
    "https://www.militaryspot.com/news/celebrating-national-coast-guard-day",
    "https://www.military.com/coast-guard-birthday",
    "https://www.uso.org/stories/1708-26-things-you-should-know-about-the-coast-guard-for-its-226th-birthday",
    "https://www.mycg.uscg.mil/News/Article/3116155/the-coast-guard-celebrates-232-years-of-service/",
    "https://veteran.com/coast-guard-day/",
    "https://www.military.com/military-appreciation-month/origins-of-coast-guard-day.html",
    "https://www.cnn.com/2019/08/04/us/coast-guard-day-trnd/index.html",
    "https://nationaltoday.com/u-s-coast-guard-birthday/",
    "https://www.uso.org/stories/2273-9-coast-guard-facts"
  ],
  "How far away it is from mercury": [
    "https://www.universetoday.com/14165/distance-from-earth-to-mercury/",
    "https://en.wikipedia.org/wiki/Mercury_(planet)",
    "https://www.space.com/18646-mercury-distance.html",
    "https://coolcosmos.ipac.caltech.edu/ask/25-How-far-is-Mercury-from-Earth-",
    "https://www.timeanddate.com/astronomy/planets/distance",
    "https://nineplanets.org/distance-between-planets/",
    "https://www.nationalgeographic.com/science/article/mercury",
    "https://science.nasa.gov/mercury/facts/",
    "https://lovethenightsky.com/how-far-away-is-mercury/",
    "https://www.space.com/36-mercury-the-suns-closest-planetary-neighbor.html"
  ],
  "Code for rip jaws in dna": [
    "https://www.genome.gov/genetics-glossary/Genetic-Code",
    "https://en.wikipedia.org/wiki/Genetic_code",
    "https://www.khanacademy.org/science/ap-biology/gene-expression-and-regulation/translation/a/the-genetic-code-discovery-and-properties",
    "https://en.wikipedia.org/wiki/DNA_and_RNA_codon_tables",
    "https://www.answers.com/art-and-architecture/What_is_the_Ben_10_DNA_code_of_ripjaws",
    "https://bio.libretexts.org/Courses/Clinton_College/BIO_300%3A_Introduction_to_Genetics_(Neely)/02%3A_Central_Dogma/2.03%3A_Genetic_Code_and_Translation",
    "https://ben10.fandom.com/wiki/DNA_Lab",
    "https://www.youtube.com/watch?v=w6FMaS8fNok",
    "https://www.reddit.com/r/Ben10/comments/vv3d4x/codes_for_the_alien_dna_lab_if_you_guys_want_to/",
    "https://www.ncbi.nlm.nih.gov/pmc/articles/PMC6620406/"
  ],
  "Worlds largest chicken": [
    "https://www.chickenidentifier.com/biggest-chicken-in-the-world/",
    "https://www.knowyourchickens.com/largest-chicken-breed/",
    "https://www.youtube.com/watch?v=udngYmXnAAU",
    "https://www.outdoorhappens.com/largest-chicken-breed-biggest-chicken-in-the-world/",
    "https://www.guinnessworldrecords.com/world-records/70789-heaviest-breed-of-chicken",
    "https://www.h2ouse.org/largest-chicken-breed/",
    "https://largest.org/animals/chicken-breeds/",
    "https://www.grunge.com/170977/the-largest-chicken-breed-in-the-world/",
    "https://a-z-animals.com/blog/the-10-largest-chickens-in-the-world/",
    "https://www.thehappychickencoop.com/largest-chicken-breed/"
  ],
  "What is the postal code of kentucky": [
    "https://www.zip-codes.com/state/ky.asp",
    "https://www.unitedstateszipcodes.org/ky/",
    "https://us-postoffice.com/zip-codes/kentucky",
    "https://zipcodes-us.com/zip/ky",
    "https://www.randymajors.org/zipcodegmap?state=KY&onestate=show&labels=show",
    "https://zipcodes.org/kentucky-zip-codes",
    "https://thezipcodeapp.com/Kentucky",
    "https://worldpostalcode.com/united-states/kentucky/",
    "https://usazipcodes.net/kentucky-zip-codes/",
    "https://tools.usps.com/go/ZipLookupAction_input"
  ],
  "What creates a sandstorm": [
    "https://weatherstreet.com/weatherquestions/What_causes_sandstorms.htm",
    "https://www.wonderopolis.org/wonder/what-causes-sandstorms",
    "https://www.thedailyeco.com/what-causes-sandstorms-dust-storm-formation-253.html",
    "https://www.nationalgeographic.com/environment/article/are-dust-storms-getting-worse-heres-why-theyre-so-destructive",
    "https://www.science.org/content/article/physics-sandstorms",
    "https://www.weatherwizkids.com/?page_id=1333",
    "https://www.khanacademy.org/science/middle-school-earth-and-space-science/x87d03b443efbea0a:the-geosphere/x87d03b443efbea0a:weathering-and-erosion/a/weathering-and-erosion",
    "https://eartheclipse.com/environment/sandstorms-causes-effects-facts.html",
    "https://ownyourweather.com/what-is-a-dust-storm/",
    "https://www.youtube.com/watch?v=FqqhlrB2ClA"
  ],
  "How much does a pound of marijuana cost in the us": [
    "https://honestmarijuana.com/what-does-weed-cost/",
    "https://potguide.com/blog/article/pound-of-weed-worth/",
    "https://loudcloudhealth.com/resources/how-much-is-a-pound-of-weed/",
    "https://ogseeds.com/guides/how-much-is-a-pound-of-cannabis/",
    "https://flavorfix.com/guides/how-much-does-weed-cost/",
    "https://www.statista.com/statistics/1036563/cannabis-spot-price-by-month-us/",
    "https://homegrowncannabisco.com/grow-your-own-with-kyle-kushman/cannabis-culture/how-much-is-a-pound-of-weed/",
    "https://www.leafly.com/learn/cannabis-glossary/pound",
    "https://oxfordtreatment.com/substance-abuse/marijuana/average-cost-of-marijuana/",
    "https://silver-therapeutics.com/blog/how-much-is-a-pound-of-weed/"
  ],
  "How do you get the keys in sleuthhound": [
    "https://forums2.battleon.com/f/tm.asp?m=17362925",
    "https://www.answers.com/Q/Where_is_the_skull_key_at_sleuthhound_inn_on_aqw",
    "https://itemlevel.net/pet-simulator-99-how-to-get-secret-door-keys-fast/",
    "https://www.youtube.com/watch?v=nefkbU1pOWs",
    "https://aqworldswiki.com/w/SleuthHound_Mystery_Inn",
    "https://www.youtube.com/watch?v=ZHIwK_CaFZM",
    "https://www.youtube.com/watch?v=FL6ds5KrVtU",
    "https://forums2.battleon.com/f/tm.asp?m=22115722",
    "https://tryhardguides.com/how-to-get-secret-keys-in-pet-simulator-99/",
    "https://www.gamerstones.com/2024/01/pet-sim-99-how-to-get-use-secret-keys-update-5/"
  ],
  "Where is the largest bridgewho built itwhat kind of bridge is it": [
    "https://www.britannica.com/topic/Verrazano-Narrows-Bridge",
    "https://www.treehugger.com/worlds-longest-bridges-4869197",
    "https://largest.org/structures/bridges/",
    "https://www.thomasnet.com/insights/where-is-the-longest-bridge-in-the-world/",
    "https://www.worldatlas.com/articles/20-longest-bridges-in-the-world.html",
    "https://science.howstuffworks.com/engineering/civil/longest-bridges-in-world.htm",
    "https://www.livescience.com/34448-worlds-longest-bridge.html",
    "https://www.cnn.com/travel/article/worlds-longest-bridges/index.html",
    "https://www.history.com/topics/landmarks/brooklyn-bridge",
    "https://en.wikipedia.org/wiki/Vasco_da_Gama_Bridge"
  ],
  "Apakah kraf tangan yang dibuat pada kain songket": [
    "https://travel.detik.com/travel-news/d-5214655/5-fakta-soal-songket-yang-bikin-kain-ini-semakin-dicintai",
    "https://lifeasaartstudentlilizala.blogspot.com/p/mengenal-kraf-tradisional.html",
    "https://italianfashionschool.id/teknik-pembuatan-songket/",
    "https://www.gramedia.com/literasi/kain-songket/",
    "https://en.wikipedia.org/wiki/Songket",
    "https://songketdunia.my/blogs/news/songket-panduan-lengkap",
    "https://www.researchgate.net/publication/355833853_Pembentukan_Usahawan_Kraf_Tangan_Wanita_di_Malaysia_Peranan_Sikap_Warisan_Keluarga_dan_Pembudayaan_Nilai_Agama",
    "https://ms.wikipedia.org/wiki/Songket",
    "https://www.detik.com/edu/detikpedia/d-5717106/mengenal-kain-songket-khas-melayu-dan-jenis-jenisnya",
    "https://www.liputan6.com/regional/read/5359814/mengenal-kain-songket-sejarah-makna-hingga-penggunaannya"
  ],
  "Why does a carbonated drink become flat when left open": [
    "https://www.livescience.com/32461-why-do-soft-drinks-go-flat.html",
    "https://www.upthirst.com/what-causes-soda-to-go-flat-expert-review/",
    "https://bottlefirst.com/what-happens-when-a-soda-water-bottle-is-opened/",
    "https://www.chefsresource.com/does-soda-go-bad/",
    "https://homework.study.com/explanation/why-do-carbonated-beverages-go-flat-when-opened-and-left-and-room-temperature-and-pressure.html",
    "https://www.livescience.com/32492-why-does-soda-fizz.html",
    "https://lifehacker.com/science-explains-how-carbonation-works-and-why-your-gl-1481962717",
    "https://www.instructables.com/Keep-open-carbonated-beverages-from-going-flat/",
    "http://beer-info.com/why-do-carbonated-drinks-go-flat-when-left-open",
    "https://sodapopcraft.com/can-soda-go-flat-if-unopened/"
  ],
  "Why sacrifice must environment to achieve development": [
    "https://www.theglobeandmail.com/opinion/should-we-sacrifice-the-environment-or-the-economy-neither/article12135766/",
    "https://www.annualreviews.org/doi/10.1146/annurev-economics-082321-123803",
    "https://academic.oup.com/edited-volume/28377/chapter/215287711",
    "https://news.climate.columbia.edu/2020/01/27/economic-growth-environmental-sustainability/",
    "https://utopia.org/guide/what-is-sustainable-development-and-why-is-it-necessary/",
    "https://www.ecnmy.org/engage/how-much-should-we-sacrifice-to-help-the-environment/",
    "https://odi.org/en/insights/must-developing-countries-sacrifice-growth-to-save-the-planet/",
    "https://blogs.worldbank.org/climatechange/climate-action-does-not-require-economic-sacrifice",
    "https://newrepublic.com/article/154036/will-make-sacrifices-save-planet",
    "https://www.weforum.org/agenda/2022/04/environmental-protection-vs-economic-growth/"
  ],
  "How many atoms are contained in eachmolecule of sulfuric acid": [
    "https://chem.libretexts.org/Bookshelves/Introductory_Chemistry/Book%3A_Introductory_Chemistry_(CK-12)/10%3A_The_Mole/10.02%3A_Conversions_Between_Moles_and_Atoms",
    "https://socratic.org/questions/the-formula-of-sulfuric-acid-is-h-so-4-how-many-atoms-of-hydrogen-sulfur-and-oxy",
    "https://brainly.com/question/40815552",
    "https://quizlet.com/541766039/chapter-2-flash-cards/",
    "https://www.answers.com/chemistry/How_many_atoms_are_in_sulphuric_acid",
    "https://chem.libretexts.org/Courses/University_of_Kentucky/UK%3A_CHE_103_-_Chemistry_for_Allied_Health_(Soult)/Chapters/Chapter_2%3A_Elements_and_Ions/2.3%3A_Mole_and_Molar_Mass",
    "https://www.answers.com/Q/How_many_atoms_contained_in_each_molecule_of_sulfuric_acid",
    "https://courses.lumenlearning.com/umes-cheminter/chapter/the-mole/",
    "https://www.numerade.com/ask/question/how-many-atoms-are-contained-in-each-molecule-of-sulfuric-acid-38784/",
    "https://study.com/learn/lesson/sulfuric-acid-formula-structure.html"
  ],
  "Who is the most famous african american mathmatician": [
    "https://en.wikipedia.org/wiki/List_of_African-American_mathematicians",
    "https://academicinfluence.com/rankings/people/black-scholars/mathematicians",
    "https://www.sabes.org/content/11-famous-african-american-mathematicians-you-should-know-about",
    "https://mathandmovement.com/famous-black-mathematicians-and-their-contributions/",
    "https://www.ams.org/journals/notices/201802/rnoti-p139.pdf",
    "https://www.math.upenn.edu/about/department-history/pioneer-african-american-mathematicians",
    "https://www.mashupmath.com/blog/famous-african-american-mathematicians",
    "http://math.buffalo.edu/mad/madgreatest",
    "https://www.havefunwithhistory.com/black-mathematicians/",
    "https://www.bytelearn.com/articles/5-black-mathematicians-who-made-history-a-look-at-the-contributions-of-black-innovators-in-math/"
  ],
  "What kind of cultures do chile have": [
    "https://culturalatlas.sbs.com.au/chilean-culture/chilean-culture-core-concepts",
    "https://www.britannica.com/place/Chile",
    "https://www.learnfromtravel.com/blog/a-brief-guide-to-chile-culture-people-history-language-food-and-arts",
    "https://internationalliving.com/countries/chile/culture-and-traditions-in-chile/",
    "https://www.onmycanvas.com/culture-of-chile/",
    "https://en.wikipedia.org/wiki/Culture_of_Chile",
    "https://www.iexplore.com/articles/travel-guides/central-and-south-america/chile/history-and-culture",
    "https://www.adventure-life.com/chile/articles/culture-of-chile",
    "https://www.worldatlas.com/articles/culture-of-chile.html",
    "https://www.everyculture.com/Bo-Co/Chile.html"
  ],
  "Gas was used for balloons long time ago": [
    "https://www.nationalballoonmuseum.com/about/history-of-ballooning/",
    "https://www.newworldencyclopedia.org/entry/Balloon",
    "https://www.pbs.org/wgbh/nova/article/short-history-of-ballooning/",
    "https://balloonfiesta.com/Gas-Balloons-History",
    "https://en.wikipedia.org/wiki/Gas_balloon",
    "https://www.scientificamerican.com/article/balloon-evolution/",
    "https://bfa.net/index.php/ranking/177778008-gas-division/flying-a-gas-balloon/1332-important-dates-in-gas-ballooning-history",
    "http://www.historyofballoons.com/balloon-history/history-of-gas-balloons/",
    "http://www.ltaflightmagazine.com/how-was-gas-ballooning-revived-in-america/",
    "https://balloons.online/blog/a-brief-history-of-party-balloons/"
  ],
  "Can someone infected with syphillis get symptoms a week later": [
    "https://www.cdc.gov/std/syphilis/stdfact-syphilis-detailed.htm",
    "https://www.verywellhealth.com/how-long-before-std-symptoms-appear-3133026",
    "https://www.sfcityclinic.org/faq/how-long-after-being-exposed-syphilis-can-you-be-accurately-tested-also-how-long-after-being",
    "https://www.plannedparenthood.org/learn/stds-hiv-safer-sex/syphilis",
    "https://www.msdmanuals.com/home/quick-facts-infections/sexually-transmitted-diseases-stds/syphilis",
    "https://www.verywellhealth.com/syphilis-symptoms-prevention-sti-6749435",
    "https://www.mayoclinic.org/diseases-conditions/syphilis/symptoms-causes/syc-20351756?shortlink=dc203038&shortlink=dc203038&shortlink=dc203038&shortlink=dc203038&c=Homepage&c=Homepage&c=Homepage&c=Homepage&pid=Web&pid=Web&pid=Web&pid=Web&source_caller=ui&source_caller=ui&source_caller=ui&source_caller=ui&p=1",
    "https://patient.info/sexual-health/syphilis",
    "https://www.cdc.gov/std/syphilis/the-facts/syphilis_bro_508.pdf",
    "https://my.clevelandclinic.org/health/diseases/4622-syphilis"
  ],
  "Can dogs eat pomegranite seeds": [
    "https://www.greatpetcare.com/dog-nutrition/can-dogs-eat-pomegranate/",
    "https://dogfood.guide/can-dogs-eat-pomegranate/",
    "https://www.rover.com/blog/can-dog-eat-pomegranate/",
    "https://blog.tryfi.com/can-dogs-eat-pomegranate-seeds/",
    "https://www.petmd.com/dog/nutrition/can-dogs-eat-pomegranate",
    "https://hayfarmguy.com/can-dogs-eat-pomegranate-seeds",
    "https://www.dailypaws.com/dogs-puppies/dog-nutrition/what-can-dogs-eat/can-dogs-eat-pomegranate",
    "https://www.akc.org/expert-advice/nutrition/can-dogs-eat-pomegranates/",
    "https://www.m-dog.org/can-dogs-eat-pomegranate-seeds/",
    "https://littlehappypaw.com/can-dogs-eat-pomegranate-seeds/"
  ],
  "Really interesting facts about hernando cortez": [
    "https://thehistoryjunkie.com/15-facts-abouthernan-cortes/",
    "https://www.worldhistory.org/Hernan_Cortes/",
    "https://www.discoverwalks.com/blog/madrid/top-10-facts-about-hernando-cortes/",
    "https://www.havefunwithhistory.com/facts-about-hernan-cortes/",
    "https://www.britannica.com/biography/Hernan-Cortes",
    "https://learnodo-newtonic.com/hernan-cortes-facts",
    "https://www.thoughtco.com/ten-facts-about-hernan-cortes-2136576",
    "https://www.biography.com/history-culture/hernan-cortes",
    "https://www.history.com/topics/exploration/hernan-cortes",
    "https://www.bbc.co.uk/history/historic_figures/cortes_hernan.shtml"
  ],
  "What language ia used in greece": [
    "https://www.sprachcaffe.com/english/magazine-article/what-language-is-spoken-in-greece-alphabets-and-officially-spoken-language.htm",
    "https://en.wikipedia.org/wiki/Greek_language",
    "https://www.milestoneloc.com/languages-spoken-in-greece/",
    "https://www.britannica.com/summary/Greek-language",
    "https://greecetravelideas.com/what-language-is-spoken-in-greece/",
    "https://www.britannica.com/topic/Greek-language",
    "https://www.worldatlas.com/articles/what-language-do-they-speak-in-greece.html",
    "https://howwidelyspoken.com/what-language-do-they-speak-in-greece/",
    "https://en.wikipedia.org/wiki/Languages_of_Greece",
    "https://thediscoverynut.com/what-language-is-spoken-in-greece-your-complete-guide-2023/"
  ],
  "Who is the most famous artist in guatemala": [
    "https://www.discoverwalks.com/blog/guatemala/top-10-most-famous-people-from-guatemala/",
    "https://en.wikipedia.org/wiki/Guatemalan_art",
    "https://www.moon.com/travel/arts-culture/culture-in-guatemala-literature-visual-art-architecture-and-music/",
    "https://en.wikipedia.org/wiki/Category:Guatemalan_artists",
    "https://www.thefamouspeople.com/guatemala.php",
    "https://theculturetrip.com/central-america/guatemala/articles/7-artists-from-guatemala-you-should-know",
    "https://www.wikiart.org/en/carlos-merida",
    "https://www.anywhere.com/guatemala/travel-guide/music-and-art",
    "https://www.wikiart.org/en/artists-by-nation/guatemalan",
    "https://www.britannica.com/biography/Carlos-Merida"
  ],
  "What are some fun sex games": [
    "https://www.mindbodygreen.com/articles/sex-games-for-couples",
    "https://www.wellandgood.com/fun-sex-games/",
    "https://www.bellesa.co/collective/166/12-amazing-sex-games-to-play-as-a-couple-youre-welcome",
    "https://www.menshealth.com/sex-women/g18819245/fun-sex-games-for-couples/",
    "https://www.oprahdaily.com/life/relationships-love/a28823046/fun-sex-games-for-couples/",
    "https://www.glamour.com/gallery/best-sex-games-for-couples",
    "https://www.lovepanky.com/sensual-tease/seduction/naughty-sex-games-for-couples-to-feel-horny-again",
    "https://www.redbookmag.com/love-sex/sex/advice/g693/fun-games-to-play-in-bed/",
    "https://www.cosmopolitan.com/sex-love/g3801/naughty-sex-games/",
    "https://www.self.com/gallery/best-sex-games"
  ],
  "How does an elephant attract its mate": [
    "https://ielc.libguides.com/sdzg/factsheets/african_elephant/reproduction",
    "https://a-z-animals.com/blog/how-do-elephants-mate/",
    "https://www.britannica.com/animal/elephant-mammal/Reproduction-and-life-cycle",
    "https://vetadvises.com/how-elephants-breed/",
    "https://sciencing.com/elephants-mate-4574022.html",
    "https://www.smithsonianmag.com/science-nature/how-male-elephants-bond-64316480/",
    "https://www.ox.ac.uk/news/2019-06-25-older-you-get-harder-you-seek-mating-secrets-africas-bull-elephants-0",
    "https://wildlifefaq.com/elephant-reproduction/",
    "https://news.ohsu.edu/2002/09/30/uncovering-the-secrets-of-elephant-sex",
    "https://vetadvises.com/how-elephants-mate/"
  ],
  "How many calories in cooked beef": [
    "https://www.fatsecret.com/calories-nutrition/generic/ground-beef-regular-cooked",
    "https://www.healthline.com/nutrition/foods/beef",
    "https://www.fatsecret.com/calories-nutrition/generic/beef-steak-ns-as-to-fat-eaten",
    "https://www.nutritionix.com/i/usda/beef-ground-85-lean-meat-15-fat-patty-cooked-broiled-3-oz/513fceb775b8dbbc210032b1",
    "https://www.nutritionix.com/food/beef",
    "https://www.fatsecret.com/calories-nutrition/generic/beef-cooked-ns-as-to-fat-eaten",
    "https://www.nutritionix.com/food/beef-cooked",
    "https://www.fatsecret.com/calories-nutrition/food/beef",
    "https://www.verywellfit.com/lean-beef-can-be-part-of-a-healthy-diet-2507013",
    "https://www.calories.info/food/meat"
  ],
  "How many years do you need to go to college to be a cop": [
    "https://www.police1.com/police-jobs-and-careers/articles/how-to-become-a-police-officer-a-cops-guide-ovveuz8ZfXt47oQ5/",
    "https://policeacademyhub.com/",
    "https://www.indeed.com/career-advice/finding-a-job/do-you-need-a-degree-to-be-a-cop",
    "https://www.publicservicedegrees.org/how-to-become/police-officer/",
    "https://www.indeed.com/career-advice/career-development/how-to-become-a-police-officer",
    "https://www.sapling.com/7736068/many-years-school-become-cop",
    "https://www.wikihow.com/Become-a-Police-Officer",
    "https://www.khanacademy.org/college-careers-more/career-content/serve-your-community/career-profile-police-officer/a/how-do-you-become-a-police-officer",
    "https://www.indeed.com/career/police-officer/career-advice",
    "https://www.rasmussen.edu/degrees/justice-studies/blog/how-to-become-a-police-officer/"
  ]
}